Date;Place;Time;Category;Sex;Country;Lane;Person 1;Person 2;split time 1;split time 2;split time 3;Total Time;Final Rank;Air Temp;Wind Speed;Wind Direction;Competiton Type;Competition Round
31.05.2013;Poznan;10:22;SEN;M;POL;3;SZANDRACH PAWEŁ;KUJAWSKI MARIUSZ;00:52.82;1:48:27;2:45:10;3:41.970;1;15;1 m/s;W;WORLD CUP;HEAT
31.05.2013;Poznan;10:22;SEN;M;BEL;5;CAUWENBERGH OLIVIER;PANNECOUCKE LAURENS;00:52.51;0,075717593;2:47:45;3:43.442;2;15;1 m/s;W;WORLD CUP;HEAT
31.05.2013;Poznan;10:22;SEN;M;GER;7;HARBRECHT GORDAN;FROESE TORBEN;00:51.95;1:47:39;2:45:50;3:45.930;3;15;1 m/s;W;WORLD CUP;HEAT
31.05.2013;Poznan;10:22;SEN;M;FRA;6;BURGER GUILLAUME;URBAN QUENTIN;00:52.26;1:50:01;0,11806713;3:49.890;4;15;1 m/s;W;WORLD CUP;HEAT
31.05.2013;Poznan;10:22;SEN;M;ARG;4;DE GESUS JUAN PABLO;CARRERAS GONZALO;;1:51:57;2:49:25;3:51.210;5;15;1 m/s;W;WORLD CUP;HEAT
31.05.2013;Poznan;10:22;SEN;M;CAN;8;CLARKE ROB;JESSOP ANDREW;00:53.54;1:49:05;0,117696759;3:51.930;6;15;1 m/s;W;WORLD CUP;HEAT
31.05.2013;Poznan;10:22;SEN;M;SWE;2;HEMSELIUS DANIEL;BARSK JOHANNES;00:53.86;1:51:26;2:52:32;3:52.666;7;15;1 m/s;W;WORLD CUP;HEAT
31.05.2013;Poznan;10:22;SEN;M;KAZ;1;SULTANBEKOV DAVLET;BEREZINTSEV YURIY;00:54.26;1:54:56;2:55:10;3:53.110;8;15;1 m/s;W;WORLD CUP;HEAT
;;;;;;;;;;;;;;;;;;
31.05.2013;Poznan;10:29;SEN;M;CAN;4;VAN KOEVERDEN ADAM;REARDON BRADY;00:52.30 ;1:46:56;0,114108796;3:38.629;1;15;1 m/s;W;WORLD CUP;HEAT
31.05.2013;Poznan;10:29;SEN;M;EST;2;ALUPERE KAAREL;TOOTSI TARMO;00:51.36;1:46:08;2:43:07;3:39.045;2;15;1 m/s;W;WORLD CUP;HEAT
31.05.2013;Poznan;10:29;SEN;M;GER;1;KUX FABIAN;SCHMUDE DAVID;00:50.75;0,073796296;2:42:59;3:39.261;3;15;1 m/s;W;WORLD CUP;HEAT
31.05.2013;Poznan;10:29;SEN;M;KAZ;3;DERGUNOV ALEXEY;ALEXEYEV YEVGENIY;00:51.04;0,077291667;2:47:10;3:43.853;4;15;1 m/s;W;WORLD CUP;HEAT
31.05.2013;Poznan;10:29;SEN;M;AUT;6;WECHT ALEXANDER;TRUMMER ERWIN;00:53.47;1:52:33;0,119189815;3:49.965;5;15;1 m/s;W;WORLD CUP;HEAT
31.05.2013;Poznan;10:29;SEN;M;NED;7;KALF WALTER;HOOGERS JASPER;00:53.82 ;0,077939815;2:50:14;3:51.061;6;15;1 m/s;W;WORLD CUP;HEAT
31.05.2013;Poznan;10:29;SEN;M;POL;5;STABNO BARTOSZ;WARSZAWSKI OSKAR;00:54.19;1:52:06;2:50:54;3:51.753;7;15;1 m/s;W;WORLD CUP;HEAT
;;;;;;;;;;;;;;;;;;
31.05.2013;Poznan;14:58;SEN;M;SWE;8;HEMSELIUS DANIEL;BARSK JOHANNES;00:49.38;1:42:46;2:35:44;3:29.856;1;19;2 m/s;NE;WORLD CUP;SEMIFINAL
31.05.2013;Poznan;14:58;SEN;M;FRA;5;BURGER GUILLAUME;URBAN QUENTIN;;0,070902778;2:36:59;3:30.536;2;19;2 m/s;NE;WORLD CUP;SEMIFINAL
31.05.2013;Poznan;14:58;SEN;M;ARG;6;DE GESUS JUAN PABLO;CARRERAS GONZALO;00:49.94;1:42:14;0,108553241;3:30.868;3;19;2 m/s;NE;WORLD CUP;SEMIFINAL
31.05.2013;Poznan;14:58;SEN;M;CAN;2;CLARKE ROB;JESSOP ANDREW;00:50.61;0,071886574;2:37:58;3:33.608;4;19;2 m/s;NE;WORLD CUP;SEMIFINAL
31.05.2013;Poznan;14:58;SEN;M;NED;7;KALF WALTER;HOOGERS JASPER;00:49.65;1:44:14;2:38:59;3:33.752;5;19;2 m/s;NE;WORLD CUP;SEMIFINAL
31.05.2013;Poznan;14:58;SEN;M;POL;1;STABNO BARTOSZ;WARSZAWSKI OSKAR;00:51.09;0,073125;0,110034722;3:34.756;6;19;2 m/s;NE;WORLD CUP;SEMIFINAL
31.05.2013;Poznan;14:58;SEN;M;KAZ;4;DERGUNOV ALEXEY;ALEXEYEV YEVGENIY;00:48.26;1:45:41;0,111921296;3:34.812;7;19;2 m/s;NE;WORLD CUP;SEMIFINAL
31.05.2013;Poznan;14:58;SEN;M;AUT;3;WECHT ALEXANDER;TRUMMER ERWIN;00:50.26;1:47:05;0,112696759;3:36.760;8;19;2 m/s;NE;WORLD CUP;SEMIFINAL
31.05.2013;Poznan;14:58;SEN;M;KAZ;9;SULTANBEKOV DAVLET;BEREZINTSEV YURIY;;0,075011574;2:43:57;3:38.996;9;19;2 m/s;NE;WORLD CUP;SEMIFINAL
;;;;;;;;;;;;;;;;;;
1.06.2013;Poznan;11:09;SEN;M;POL;5;SZANDRACH PAWEŁ;KUJAWSKI MARIUSZ;;;;3:19.736;1;17;1 m/s;W;WORLD CUP;FINAL A
1.06.2013;Poznan;11:09;SEN;M;CAN;4;VAN KOEVERDEN ADAM;REARDON BRADY;;;;3:20.484;2;17;1 m/s;W;WORLD CUP;FINAL A
1.06.2013;Poznan;11:09;SEN;M;EST;6;ALUPERE KAAREL;TOOTSI TARMO;;;;3:20.908;3;17;1 m/s;W;WORLD CUP;FINAL A
1.06.2013;Poznan;11:09;SEN;M;BEL;3;CAUWENBERGH OLIVIER;PANNECOUCKE LAURENS;;;;3:21.188;4;17;1 m/s;W;WORLD CUP;FINAL A
1.06.2013;Poznan;11:09;SEN;M;GER;2;KUX FABIAN;SCHMUDE DAVID;;;;3:23.456;5;17;1 m/s;W;WORLD CUP;FINAL A
1.06.2013;Poznan;11:09;SEN;M;GER;7;HARBRECHT GORDAN;FROESE TORBEN;;;;3:23.672;6;17;1 m/s;W;WORLD CUP;FINAL A
1.06.2013;Poznan;11:09;SEN;M;SWE;8;HEMSELIUS DANIEL;BARSK JOHANNES;;;;3:25.796;7;17;1 m/s;W;WORLD CUP;FINAL A
1.06.2013;Poznan;11:09;SEN;M;ARG;9;DE GESUS JUAN PABLO;CARRERAS GONZALO;;;;3:26.520;8;17;1 m/s;W;WORLD CUP;FINAL A
1.06.2013;Poznan;11:09;SEN;M;FRA;1;BURGER GUILLAUME;URBAN QUENTIN;;;;3:28.956;9;17;1 m/s;W;WORLD CUP;FINAL A
;;;;;;;;;;;;;;;;;;
;;;;;;;;;;;;;1;18;;E;WORLD CUP;HEAT
17.05.2013;RACICE;10:58;SEN;M;RUS;5;SPESIVTSEV Maxim;CHERVOV Nikolay;51.150;1:28.780;2:30.910;0,15255787;2;18;;E;WORLD CUP;HEAT
17.05.2013;RACICE;10:58;SEN;M;SRB;9;PAJIC Dejan;STANOJEVIC Dusko;48.740;1:38.430;2:33.820;0,148622685;3;18;;E;WORLD CUP;HEAT
17.05.2013;RACICE;10:58;SEN;M;CZE;7;ADAM Jakub;ODVÁRKO Michael;1:05.060;1:41.390;2:35.350;0,14619213;4;18;;E;WORLD CUP;HEAT
17.05.2013;RACICE;10:58;SEN;M;GBR;8;RUTHERFORD Edward;DANIELS Andrew;50.070;1:41.930;2:38.700;3:32.741;5;18;;E;WORLD CUP;HEAT
17.05.2013;RACICE;10:58;SEN;M;NZL;4;FITZGERALD Jarrod;QUICKENDEN Zac;;1:43.980;2:41.190;3:38.491;6;18;;E;WORLD CUP;HEAT
17.05.2013;RACICE;10:58;SEN;M;KGZ;2;PAROL Aleksandr;DOROFEEV Igor;1:10.140;1:45.980;2:45.080;3:43.011;7;18;;E;WORLD CUP;HEAT
17.05.2013;RACICE;10:58;SEN;M;CHN;6;XUE Yuan;ZHAO Yuefeng;1:14.200;1:52.000;2:47.770;3:45.461;8;18;;E;WORLD CUP;HEAT
17.05.2013;RACICE;10:58;SEN;M;HKG;3;KWOK Ka Wai;NG Ka Chun;1:12.100;1:48.650;2:55.240;3:59.871;;;;;;
;;;;;;;;;;;;;1;18;;E;WORLD CUP;HEAT
17.05.2013;RACICE;11:05;SEN;M;CZE;7;DAVÍDEK Pavel;KUČERA Patrik;51.110;1:39.820 ;2:33.830;3:26.541;2;18;;E;WORLD CUP;HEAT
17.05.2013;RACICE;11:05;SEN;M;NZL;4;BATS Jasper;FITZGERALD Darryl;49.890;1:41.540;2:34.650;3:32.961;3;18;;E;WORLD CUP;HEAT
17.05.2013;RACICE;11:05;SEN;M;RUS;5;MEDVEDEV Ilya;RYAKHOV Anton;50.570;1:40.670;2:33.230;3:33.661;4;18;;E;WORLD CUP;HEAT
17.05.2013;RACICE;11:05;SEN;M;GBR;8;BOWLEY Mathew;TERRY Dean;52.460;1:44.460;2:38.830;3:34.751;5;18;;E;WORLD CUP;HEAT
17.05.2013;RACICE;11:05;SEN;M;KGZ;2;BONDAR Maksim;ALGIN Ilia;51.750;1:45.790;2:41.560;3:42.021;6;18;;E;WORLD CUP;HEAT
17.05.2013;RACICE;11:05;SEN;M;CHN;6;LI Kai;LIU Lifan;54.010;1:49.790;2:49.330;3:49.561;7;18;;E;WORLD CUP;HEAT
17.05.2013;RACICE;11:05;SEN;M;HKG;3;TSOI Yik San;NG Ka Nam;53.210;1:51.260;2:52.170;3:54.941;8;18;;E;WORLD CUP;HEAT
17.05.2013;RACICE;11:05;SEN;M;SRB;9;HOLPERT Ervin;TERZIC Dejan;54.770;1:53.170;2:58.280;4:04.431;;;;;;
;;;;;;;;;;;;;1;18;;E;WORLD CUP;HEAT
17.05.2013;RACICE;11:12;SEN;M;CAN;1;VAN KOEVERDEN ADAM;REARDON BRADY;48.950;1:36.000;2:30.950;3:24.371;2;18;;E;WORLD CUP;HEAT
17.05.2013;RACICE;11:12;SEN;M;GER;4;RENDSCHMIDT Max;GROSS Marcus;47.400;1:35.530;2:30.580;3:25.011;3;18;;E;WORLD CUP;HEAT
17.05.2013;RACICE;11:12;SEN;M;KAZ;74;DERGUNOV ALEXEY;ALEXEYEV YEVGENIY;49.700;1:41.050;2:36.190;3:26.631;4;18;;E;WORLD CUP;HEAT
17.05.2013;RACICE;11:12;SEN;M;LTU;6;NEKRIOSIUS Ricardas;OLIJNIK Andrej;51.310;1:40.130;2:34.510;3:26.851;5;18;;E;WORLD CUP;HEAT
17.05.2013;RACICE;11:12;SEN;M;BLR;2;ZHYHADLA Dzianis;BIALKO Vitaliy;56.810;1:42.080;2:35.820;3:29.001;6;18;;E;WORLD CUP;HEAT
17.05.2013;RACICE;11:12;SEN;M;NOR;5;SALBU Daniel;SOLHAUG Jo Sondre;50.480;1:38.860;2:32.820;3:34.101;7;18;;E;WORLD CUP;HEAT
17.05.2013;RACICE;11:12;SEN;M;ITA;3;CECCHINI Riccardo;CHIERINI Edoardo;48.260;1:43.840;2:43.900;3:43.641;8;18;;E;WORLD CUP;HEAT
;;;;;;;;;;;;;;;;;;
;;;;;;;;;;;;;1;18;;E;WORLD CUP;HEAT
17.05.2013;RACICE;11:19;SEN;M;FRA;5;BURGER GUILLAUME;URBAN QUENTIN;47.660;1:34.370 ;2:32.570;3:23.411;2;18;;E;WORLD CUP;HEAT
17.05.2013;RACICE;11:19;SEN;M;CAN;1;CLARKE ROB;JESSOP ANDREW;49.220;1:39.510;2:34.240;3:24.631;3;18;;E;WORLD CUP;HEAT
17.05.2013;RACICE;11:19;SEN;M;DEN;7;BOE Niels;AXELSEN William;52.260;1:38.570;2:33.560;3:25.201;4;18;;E;WORLD CUP;HEAT
17.05.2013;RACICE;11:19;SEN;M;BLR;2;LIAPIOSHKA Aliksandr;LITVINCHUK Artur;50.750;1:40.920;2:35.320;3:29.581;5;18;;E;WORLD CUP;HEAT
17.05.2013;RACICE;11:19;SEN;M;BEL;3;BROEKX Toon;BROEKX Piet;51.430;1:41.550;2:36.950;3:30.771;6;18;;E;WORLD CUP;HEAT
17.05.2013;RACICE;11:19;SEN;M;FIN;6;HAKALA Jeremy;NYKÄNEN Miika;53.230;1:43.340;2:37.760;3:30.841;7;18;;E;WORLD CUP;HEAT
;;;;;;;;;;;;;;;;;;
17.05.2013;RACICE;15:34;SEN;M;GER;6;RENDSCHMIDT Max;GROSS Marcus;49.920;1:33.240;2:31.890;3:24.683;1;18;;E;WORLD CUP;SEMIFINAL
17.05.2013;RACICE;15:34;SEN;M;RUS;5;SPESIVTSEV Maxim;CHERVOV Nikolay;51.620;1:41.630;2:32.610;3:26.440;2;18;;E;WORLD CUP;SEMIFINAL
17.05.2013;RACICE;15:34;SEN;M;BLR;2;ZHYHADLA Dzianis;BIALKO Vitaliy;50.400;1:43.200;2:35.600;3:26.683;3;18;;E;WORLD CUP;SEMIFINAL
17.05.2013;RACICE;15:34;SEN;M;DEN;3;BOE Niels;AXELSEN William;50.830;1:42.150;2:34.770;3:27.706;4;18;;E;WORLD CUP;SEMIFINAL
17.05.2013;RACICE;15:34;SEN;M;NZL;4;BATS Jasper;FITZGERALD Darryl;52.240;1:44.360;2:35.260;3:27.826;5;18;;E;WORLD CUP;SEMIFINAL
17.05.2013;RACICE;15:34;SEN;M;NZL;8;FITZGERALD Jarrod;QUICKENDEN Zac;53.680;1:48.520;2:42.730;3:44.001;6;18;;E;WORLD CUP;SEMIFINAL
17.05.2013;RACICE;15:34;SEN;M;BLR;7;LIAPIOSHKA Aliksandr;LITVINCHUK Artur;52.800;1:46.230;2:44.060;3:48.041;7;18;;E;WORLD CUP;SEMIFINAL
17.05.2013;RACICE;15:34;SEN;M;CHN;1;LI Kai;LIU Lifan;54.840;1:51.700;2:50.820;3:52.577;8;18;;E;WORLD CUP;SEMIFINAL
17.05.2013;RACICE;15:34;SEN;M;ITA;9;CECCHINI Riccardo;CHIERINI Edoardo;54.240;1:54.070;3:08.860;4:18.575;9;18;;E;WORLD CUP;SEMIFINAL
;;;;;;;;;;;;;;;;;;
17.05.2013;RACICE;15:41;SEN;M;CZE;5;DAVÍDEK Pavel;KUČERA Patrik;;;;3:25.633;1;18;;E;WORLD CUP;SEMIFINAL
17.05.2013;RACICE;15:41;SEN;M;LTU;7;NEKRIOSIUS Ricardas;OLIJNIK Andrej;;;;3:25.867;2;18;;E;WORLD CUP;SEMIFINAL
17.05.2013;RACICE;15:41;SEN;M;CZE;6;ADAM Jakub;ODVÁRKO Michael;;;;3:26.167;3;18;;E;WORLD CUP;SEMIFINAL
17.05.2013;RACICE;15:41;SEN;M;KAZ;3;DERGUNOV ALEXEY;ALEXEYEV YEVGENIY;;;;3:26.197;4;18;;E;WORLD CUP;SEMIFINAL
17.05.2013;RACICE;15:41;SEN;M;CAN;4;CLARKE ROB;JESSOP ANDREW;;;;3:29.066;5;18;;E;WORLD CUP;SEMIFINAL
17.05.2013;RACICE;15:41;SEN;M;FIN;9;HAKALA Jeremy;NYKÄNEN Miika;;;;3:38.202;6;18;;E;WORLD CUP;SEMIFINAL
17.05.2013;RACICE;15:41;SEN;M;CHN;1;XUE Yuan;ZHAO Yuefeng;;;;3:46.735;7;18;;E;WORLD CUP;SEMIFINAL
17.05.2013;RACICE;15:41;SEN;M;KGZ;8;BONDAR Maksim;ALGIN Ilia;;;;3:54.484;8;18;;E;WORLD CUP;SEMIFINAL
17.05.2013;RACICE;15:41;SEN;M;;;;;;;;;;;;;;
;;;;;;;;;;;;;;;;;;
;;15:48;SEN;M;RUS;3;MEDVEDEV Ilya;RYAKHOV Anton;;;;3:24.083;1;18;;E;WORLD CUP;SEMIFINAL
17.05.2013;RACICE;15:48;SEN;M;SRB;6;PAJIC Dejan;STANOJEVIC Dusko;;;;3:24.250;2;18;;E;WORLD CUP;SEMIFINAL
17.05.2013;RACICE;15:48;SEN;M;CAN;4;VAN KOEVERDEN ADAM;REARDON BRADY;;;;3:24.587;3;18;;E;WORLD CUP;SEMIFINAL
17.05.2013;RACICE;15:48;SEN;M;FRA;5;BURGER GUILLAUME;URBAN QUENTIN;;;;3:27.400;4;18;;E;WORLD CUP;SEMIFINAL
17.05.2013;RACICE;15:48;SEN;M;BEL;2;BROEKX Toon;BROEKX Piet;;;;3:29.540;5;18;;E;WORLD CUP;SEMIFINAL
17.05.2013;RACICE;15:48;SEN;M;GBR;7;BOWLEY Mathew;TERRY Dean;;;;3:31.913;6;18;;E;WORLD CUP;SEMIFINAL
17.05.2013;RACICE;15:48;SEN;M;NOR;8;SALBU Daniel;SOLHAUG Jo Sondre;;;;3:36.999;7;18;;E;WORLD CUP;SEMIFINAL
17.05.2013;RACICE;15:48;SEN;M;KGZ;1;PAROL Aleksandr;DOROFEEV Igor;;;;3:56.307;8;18;;E;WORLD CUP;SEMIFINAL
17.05.2013;RACICE;15:48;SEN;M;HKG;9;TSOI Yik San;NG Ka Nam;;;;4:07.229;9;18;;E;WORLD CUP;SEMIFINAL
;;;;;;;;;;;;;;;;;;
18.05.2013;RACICE;9:54;SEN;M;FRA;4;BURGER GUILLAUME;URBAN QUENTIN;46.200;1:36.200;2:28.030;3:19.044;1;18;;E;WORLD CUP;FINAL B
18.05.2013;RACICE;9:54;SEN;M;DEN;5;BOE Niels;AXELSEN William;49.580;1:39.730;2:28.710;3:20.434;2;18;;E;WORLD CUP;FINAL B
18.05.2013;RACICE;9:54;SEN;M;CAN;3;CLARKE ROB;JESSOP ANDREW;47.590;1:39.120;2:29.560;3:21.044;3;18;;E;WORLD CUP;FINAL B
18.05.2013;RACICE;9:54;SEN;M;NZL;7;BATS Jasper;FITZGERALD Darryl;56.320;1:41.080;2:31.810;3:22.730;4;18;;E;WORLD CUP;FINAL B
18.05.2013;RACICE;9:54;SEN;M;BEL;8;BROEKX Toon;BROEKX Piet;48.520;1:38.110;2:30.540;3:24.040;5;18;;E;WORLD CUP;FINAL B
18.05.2013;RACICE;9:54;SEN;M;FIN;1;HAKALA Jeremy;NYKÄNEN Miika;50.970;1:41.830;2:34.230;3:27.013;6;18;;E;WORLD CUP;FINAL B
18.05.2013;RACICE;9:54;SEN;M;KAZ;6;DERGUNOV ALEXEY;ALEXEYEV YEVGENIY;54.080;1:45.340;2:37.670;3:27.206;7;18;;E;WORLD CUP;FINAL B
18.05.2013;RACICE;9:54;SEN;M;GBR;9;BOWLEY Mathew;TERRY Dean;52.200;1:43.130;2:35.820;3:27.600;8;18;;E;WORLD CUP;FINAL B
;;9:54;SEN;M;NZL;2;FITZGERALD Jarrod;QUICKENDEN Zac;53.060;1:44.400;2:36.550;3:29.820;9;18;;E;WORLD CUP;FINAL B
;;;;;;;;;;;;;;;;;;
;;;;;;;;;;;;;;18;;E;WORLD CUP;FINAL A
18.05.2013;RACICE;11:09;SEN;M;GER;;RENDSCHMIDT Max;GROSS Marcus;45.490;1:28.320;2:21.220;3:09.612;1;18;;E;WORLD CUP;FINAL A
18.05.2013;RACICE;11:09;SEN;M;SRB;;PAJIC Dejan;STANOJEVIC Dusko;46.180;1:36.720;2:21.830;3:10.821;2;18;;E;WORLD CUP;FINAL A
18.05.2013;RACICE;11:09;SEN;M;RUS;;MEDVEDEV Ilya;RYAKHOV Anton;49.770;1:35.810;2:23.540;3:11.675;3;18;;E;WORLD CUP;FINAL A
18.05.2013;RACICE;11:09;SEN;M;BLR;;ZHYHADLA Dzianis;BIALKO Vitaliy;48.450;1:44.050;2:32.350;3:12.591;4;18;;E;WORLD CUP;FINAL A
18.05.2013;RACICE;11:09;SEN;M;LTU;;NEKRIOSIUS Ricardas;OLIJNIK Andrej;47.410;1:33.290;2:22.540;3:12.631;5;18;;E;WORLD CUP;FINAL A
18.05.2013;RACICE;11:09;SEN;M;CZE;;ADAM Jakub;ODVÁRKO Michael; ;1:33.980;2:24.580;3:13.128;6;18;;E;WORLD CUP;FINAL A
18.05.2013;RACICE;11:09;SEN;M;CZE;;DAVÍDEK Pavel;KUČERA Patrik;50.760;1:37.890;2:31.870;3:13.505;7;18;;E;WORLD CUP;FINAL A
18.05.2013;RACICE;11:09;SEN;M;RUS;;SPESIVTSEV Maxim;CHERVOV Nikolay;46.490;;2:24.790;3:16.548;8;18;;E;WORLD CUP;FINAL A
18.05.2013;RACICE;11:09;SEN;M;CAN;;VAN KOEVERDEN ADAM;REARDON BRADY;49.250;1:44.490;2:32.760;3:19.091;9;;;;;
;;;;;;;;;;;;;;;;;WORLD CUP;HEAT
10.05.2013;SZEGED;10:41;SEN;M;HUN;7;Dombi Rudolf;Kökény Roland;48.751;1:42.438;2:37.589;3:28.964;1;;;;WORLD CUP;HEAT
10.05.2013;SZEGED;10:41;SEN;M;CZE;9;Havel Daniel;Štěrba Jan;49.827;1:43.178;2:36.929;3:29.012;2;;;;WORLD CUP;HEAT
10.05.2013;SZEGED;10:41;SEN;M;ARG;4;De Gesus Juan Pablo;Carreras Gonzalo;51.465;1:46.798;2:43.325;3:37.574;3;;;;WORLD CUP;HEAT
10.05.2013;SZEGED;10:41;SEN;M;SWE;2;Hemselius Daniel;Barsk Johannes;51.783;1:46.178;2:50.140;3:38.018;4;;;;WORLD CUP;HEAT
10.05.2013;SZEGED;10:41;SEN;M;POR;3;Fernandes David;Ribeiro João;49.639;1:45.688;2:44.775;3:38.546;5;;;;WORLD CUP;HEAT
10.05.2013;SZEGED;10:41;SEN;M;DEN;6;Larsen Martin;Axelsen William;54.888;1:47.74;2:45.142;3:40.208;6;;;;WORLD CUP;HEAT
10.05.2013;SZEGED;10:41;SEN;M;FIN;8;Hakala Jeremy;Nykänen Miika;52.459;1:45.950;2:44.058;3:45.974;7;;;;WORLD CUP;HEAT
10.05.2013;SZEGED;10:41;SEN;M;KGZ;1;Bondar Maksim;Algin Ilia;51.313;1:49.453;2:44.337;3:47.024;8;;;;WORLD CUP;HEAT
10.05.2013;SZEGED;10:41;SEN;M;CHN;5;Li Kai;Liu Lifan;53.670;1:58.690;3:07.590;4:09.854;9;;;;WORLD CUP;HEAT
;;;;;;;;;;;;;;;;;;
10.05.2013;SZEGED;10:48;SEN;M;POR;4;Pimenta Fernando;Silva Emanuel;48.413;1:44.272;2:41.586;03:37.918;1;;;;WORLD CUP;HEAT
10.05.2013;SZEGED;10:48;SEN;M;GBR;1;Rutherford Edward;Daniels Andrew;50.513;1:46.422;2:45.330;3:39.682;2;;;;WORLD CUP;HEAT
10.05.2013;SZEGED;10:48;SEN;M;SRB;8;Pajic Dejan;Stanojevic Dusko;50.547;1:48.335;2:46.316;3:40.078;3;;;;WORLD CUP;HEAT
10.05.2013;SZEGED;10:48;SEN;M;BLR;5;Liapioshka Aliaksandr;Bialko Vitaliy;49.278;1:47.738;2:46.598;3:40.108;4;;;;WORLD CUP;HEAT
10.05.2013;SZEGED;10:48;SEN;M;HUN;2;Bozsik Gábor;Császár Gergely;52.793;1:48.685;2:46.954;3:40.906;5;;;;WORLD CUP;HEAT
10.05.2013;SZEGED;10:48;SEN;M;NOR;6;Salbu Daniel;Solhaug Jo Sondre;52.793;1:49.954;2:46.827;3:42.358;6;;;;WORLD CUP;HEAT
10.05.2013;SZEGED;10:48;SEN;M;POL;3;Brzezinski Martin;Warszawski Oskar;53.905;1:49.165;2:46.104;3:42.622;7;;;;WORLD CUP;HEAT
10.05.2013;SZEGED;10:48;SEN;M;MEX;7;Lopez Quintero Javier;Medinilla Agustín;51.665;1:50.777;2:49.341;3:47.680;8;;;;WORLD CUP;HEAT
10.05.2013;SZEGED;10:48;SEN;M;CHN;9;Xue Yuan;Zhao Yuefeng;57.428;2:00.058;3:05.983;4:07.444;9;;;;WORLD CUP;HEAT
;;;;;;;;;;;;;;;;;;
10.05.2013;SZEGED;10:55;SEN;M;RUS;1;Medvedev Ilya;Ryakhov Anton;49.114;1:44.252;2:39.445;3:33.015;1;;;;WORLD CUP;HEAT
10.05.2013;SZEGED;10:55;SEN;M;POL;5;Szandrach Pawel;Kujawski Mariusz;50.466;1:44.992;2:42.446;3:37.101;2;;;;WORLD CUP;HEAT
10.05.2013;SZEGED;10:55;SEN;M;BLR;2;Zhyhadla Dzianis;Litvinchuk Artur;51.925;01:48.945;2:44.938;3:37.881;3;;;;WORLD CUP;HEAT
10.05.2013;SZEGED;10:55;SEN;M;CUB;7;Zulueta Arencibia Maikel;Riveaux Reiner Torres;49.717;1:47.366;2:45.877;3:41.109;4;;;;WORLD CUP;HEAT
10.05.2013;SZEGED;10:55;SEN;M;AUT;6;Wecht Alexander;Trummer Erwin;51.028;1:49.427;2:47.660;3:42.087;5;;;;WORLD CUP;HEAT
10.05.2013;SZEGED;10:55;SEN;M;CZE;8;Davídek Pavel;Kučera Patrik;51.961;1:48.630;2:47.326;3:42.231;6;;;;WORLD CUP;HEAT
10.05.2013;SZEGED;10:55;SEN;M;KGZ;3;Parol Aleksandr;Dorofeev Igor;54.340;1:53.906;2:59.248;4:00.675;7;;;;WORLD CUP;HEAT
10.05.2013;SZEGED;10:55;SEN;M;HKG;4;Fung Wai Him;Ng Ka Chun;57.605;2:03.259;3:13.546;4:20.385;8;;;;WORLD CUP;HEAT
;;;;;;;;;;;;;;;;;;
10.05.2013;SZEGED;15:24;SEN;M;POL;5;Szandrach Pawel;Kujawski Mariusz;50.521;1:45.496;2:41.544;3:35.637;1;;;;WORLD CUP;SEMIFINAL
10.05.2013;SZEGED;15:24;SEN;M;SRB;4;Pajic Dejan;Stanojevic Dusko;49.745;1:47.221;2:43.872;03:36.351;2;;;;WORLD CUP;SEMIFINAL
10.05.2013;SZEGED;15:24;SEN;M;CUB;3;Zulueta Arencibia Maikel;Riveaux Reiner Torres;49.331;1:44.756;2:41.994;3:36.501;3;;;;WORLD CUP;SEMIFINAL
10.05.2013;SZEGED;15:24;SEN;M;POR;2;Fernandes David;Ribeiro João;50.278;1:47.137;2:45.248;3:36.741;4;;;;WORLD CUP;SEMIFINAL
10.05.2013;SZEGED;15:24;SEN;M;ARG;6;De Gesus Juan Pablo;Carreras Gonzalo;52.819;1:48.611;2:43.743;3:38.361;5;;;;WORLD CUP;SEMIFINAL
10.05.2013;SZEGED;15:24;SEN;M;NOR;8;Salbu Daniel;Solhaug Jo Sondre;52.315;01:48.564;2:45.880;3:41.829;6;;;;WORLD CUP;SEMIFINAL
10.05.2013;SZEGED;15:24;SEN;M;DEN;9;Larsen Martin;Axelsen William;53.197;1:49.488;2:47.402;3:42.783;7;;;;WORLD CUP;SEMIFINAL
10.05.2013;SZEGED;15:24;SEN;M;BLR;7;Liapioshka Aliaksandr;Bialko Vitaliy;51.218;1:47.873;2:47.949;3:44.259;8;;;;WORLD CUP;SEMIFINAL
10.05.2013;SZEGED;15:24;SEN;M;KGZ;1;Parol Aleksandr;Dorofeev Igor;54.726;1:54.203;2:58.678;3:58.719;9;;;;WORLD CUP;SEMIFINAL
;;;;;;;;;;;;;;;;;;
10.05.2013;SZEGED;15:31;SEN;M;CZE;5;Havel Daniel;Štěrba Jan;50.133;1:45.562;2:40.974;3:35.035;1;;;;WORLD CUP;SEMIFINAL
10.05.2013;SZEGED;15:31;SEN;M;SWE;3;Hemselius Daniel;Barsk Johannes;51.658;1:48.282;2:44.045;3:36.667;2;;;;WORLD CUP;SEMIFINAL
10.05.2013;SZEGED;15:31;SEN;M;GRB;4;Rutherford Edward;Daniels Andrew;51.052;1:47.606;2:43.363;3:37.117;3;;;;WORLD CUP;SEMIFINAL
10.05.2013;SZEGED;15:31;SEN;M;AUT;2;Wecht Alexander;Trummer Erwin;52.660;1:48.705;2:45.842;3:38.881;4;;;;WORLD CUP;SEMIFINAL
10.05.2013;SZEGED;15:31;SEN;M;BLR;6;Zhyhadla Dzianis;Litvinchuk Artur;52.706;1:49.326;2:45.630;3:39.499;5;;;;WORLD CUP;SEMIFINAL
10.05.2013;SZEGED;15:31;SEN;M;CZE;8;Davídek Pavel;Kučera Patrik;52.792;1:48.267;2:44.831;3:40.717;6;;;;WORLD CUP;SEMIFINAL
10.05.2013;SZEGED;15:31;SEN;M;POL;1;Brzezinski Martin;Warszawski Oskar;53.562;1:49.575;2:47.515;3:41.155;7;;;;WORLD CUP;SEMIFINAL
10.05.2013;SZEGED;15:31;SEN;M;HUN;7;Bozsik Gábor;Császár Gergely;54.462;1:51.138;2:46.988;3:41.863;8;;;;WORLD CUP;SEMIFINAL
10.05.2013;SZEGED;15:31;SEN;M;FIN;9;Hakala Jeremy;Nykänen Miika;55.231;1:52.593;2:50.006;3:49.399;9;;;;WORLD CUP;SEMIFINAL
;;;;;;;;;;;;;;;;;;
11.05.2013;SZEGED;10:01;SEN;M;NOR;7;Salbu Daniel;Solhaug Jo Sondre;49.733;1:42.012;2:35.242;3:26.226;1;;;;WORLD CUP;FINAL B
11.05.2013;SZEGED;10:01;SEN;M;CZE;2;Davídek Pavel;Kučera Patrik;49.075;1:41.521;2:36.711;3:28.848;2;;;;WORLD CUP;FINAL B
11.05.2013;SZEGED;10:01;SEN;M;DEN;1;Larsen Martin;Axelsen William;49.389;1:43.075;2:37.775;3:29.034;3;;;;WORLD CUP;FINAL B
11.05.2013;SZEGED;10:01;SEN;M;ARG;3;De Gesus Juan Pablo;Carreras Gonzalo;49.733;1:43.835;2:39.002;3:30.930;4;;;;WORLD CUP;FINAL B
11.05.2013;SZEGED;10:01;SEN;M;BLR;6;Zhyhadla Dzianis;Litvinchuk Artur;48.955;1:44.234;2:41.668;3:31.752;5;;;;WORLD CUP;FINAL B
11.05.2013;SZEGED;10:01;SEN;M;HUN;9;Bozsik Gábor;Császár Gergely;51.435;1:45.956;2:41.337;3:32.514;6;;;;WORLD CUP;FINAL B
11.05.2013;SZEGED;10:01;SEN;M;POR;5;Fernandes David;Ribeiro João;49.348;1:44.428;2:41.445;3:32.670;7;;;;WORLD CUP;FINAL B
11.05.2013;SZEGED;10:01;SEN;M;POL;8;Brzezinski Martin;Warszawski Oskar;52.040;1:46.554;2:42.960;3:33.432;8;;;;WORLD CUP;FINAL B
11.05.2013;SZEGED;10:01;SEN;M;AUT;4;Wecht Alexander;Trummer Erwin;50.293;1:45.243;2:42.503;3:35.874;9;;;;WORLD CUP;FINAL B
;;;;;;;;;;;;;;;;;;
11.05.2013;SZEGED;11:12;SEN;M;HUN;5;Dombi Rudolf;Kökény Roland;46.953;1:38.33;2:31.060;3:20.354;1;;;;WORLD CUP;FINAL A
11.05.2013;SZEGED;11:12;SEN;M;RUS;6;Medvedev Ilya;Ryakhov Anton;48.042;1:41.25;2:31.810;3:20.804;2;;;;WORLD CUP;FINAL A
11.05.2013;SZEGED;11:12;SEN;M;POL;3;Szandrach Pawel;Kujawski Mariusz;48.241;1:39.94;2:33.091;3:22.028;3;;;;WORLD CUP;FINAL A
11.05.2013;SZEGED;11:12;SEN;M;CZE;7;Havel Daniel;Štěrba Jan;48.140;1:40.50;2:33.329;3:23.084;4;;;;WORLD CUP;FINAL A
11.05.2013;SZEGED;11:12;SEN;M;CUB;1;Zulueta Arencibia Maikel;Riveaux Reiner Torres;47.876;1:41.87;2:35.911;3:26.900;5;;;;WORLD CUP;FINAL A
11.05.2013;SZEGED;11:12;SEN;M;SRB;8;Pajic Dejan;Stanojevic Dusko;47.695;1:40.03;2:34.980;3:27.410;6;;;;WORLD CUP;FINAL A
11.05.2013;SZEGED;11:12;SEN;M;SWE;2;Hemselius Daniel;Barsk Johannes;48.487;1:42.83;2:38.146;3:28.940;7;;;;WORLD CUP;FINAL A
11.05.2013;SZEGED;11:12;SEN;M;GRB;9;Rutherford Edward;Daniels Andrew;49.556;1:43.12;2:36.768;3:29.096;8;;;;WORLD CUP;FINAL A
11.05.2013;SZEGED;11:12;SEN;M;POR;4;Pimenta Fernando;Silva Emanuel;47.361;1:42.02;2:52.880;4:00.386;9;;;;WORLD CUP;FINAL A
;;;;;;;;;;;;;;;;;;
29.08.2013;DUISBURG;10:22;SEN;M;BLR;4;MIADZVEDZEU, Pavel;YURENIA, Aleh;44.69;1:32.49;2:21.70;3:10.751;1;;0,9 m/s;SSW;WORLD CHAMP;HEAT
29.08.2013;DUISBURG;10:22;SEN;M;SVK;5;VLCEK, Erik;TARR, Juraj;44.41;1:32.84;2:22.49;3:12.458;2;;0,9 m/s;SSW;WORLD CHAMP;HEAT
29.08.2013;DUISBURG;10:22;SEN;M;POL;7;SZANDRACH, Pawel;KUJAWSKI, Mariusz;45.64;1:33.83;02:23.79;03:13.046;3;;0,9 m/s;SSW;WORLD CHAMP;HEAT
29.08.2013;DUISBURG;10:22;SEN;M;UKR;2;KOPYSTYNSKYI, Roman;BASHTOVYY, Serhiy;45.50;1:34.77;2:25.68;3:14.371;4;;0,9 m/s;SSW;WORLD CHAMP;HEAT
29.08.2013;DUISBURG;10:22;SEN;M;CZE;6;ŠPICAR, Jakub;ŠLOUF, Radek;45.82;1:34.34;2:24.81;3:14.441;5;;0,9 m/s;SSW;WORLD CHAMP;HEAT
29.08.2013;DUISBURG;10:22;SEN;M;NOR;3;SOLHAUG, Jo Sondre;SALBU, Daniel;46.85;1:36.16;2:26.24;3:14.564;6;;0,9 m/s;SSW;WORLD CHAMP;HEAT
29.08.2013;DUISBURG;10:22;SEN;M;FIN;9;HAKALA, Jeremy;NYKÄNEN, Miika;47.38;1:37.27;2:29.39;3:21.191;7;;0,9 m/s;SSW;WORLD CHAMP;HEAT
29.08.2013;DUISBURG;10:22;SEN;M;KOR;8;CHO, Jeonghyun;LEE, Jonghyun;46.90;1:38.22;2:34.38;3:28.267;8;;0,9 m/s;SSW;WORLD CHAMP;HEAT
;;;;;;;;;;;;;;;;;;
29.08.2013;DUISBURG;10:29;SEN;M;POR;7;SILVA, Emanuel;RIBEIRO, João;44.40;1:33.72;2:24.50;3:12.740;1;;1,1 m/s;SES;WORLD CHAMP;HEAT
29.08.2013;DUISBURG;10:29;SEN;M;AUS;4;STEWART, Murray;CLEAR, Jacob;44.41;1:32.08;2:22.35;3:12.837;2;;1,1 m/s;SES;WORLD CHAMP;HEAT
29.08.2013;DUISBURG;10:29;SEN;M;ESP;6;COSGAYA NORIEGA, Diego;PEREZ RIAL, Carlos;44.18;1:32.66;2:23.90;3:15.094;3;;1,1 m/s;SES;WORLD CHAMP;HEAT
29.08.2013;DUISBURG;10:29;SEN;M;SRB;3;PAJIC, Dejan;STANOJEVIC, Dusko;44.61;1:33.75;2:24.73;3:15.358;4;;1,1 m/s;SES;WORLD CHAMP;HEAT
29.08.2013;DUISBURG;10:29;SEN;M;ROU;8;PORCARASU, Iustin;COSTEA, Daniel;44.47;1:33.33;2:24.73;3:16.161;5;;1,1 m/s;SES;WORLD CHAMP;HEAT
29.08.2013;DUISBURG;10:29;SEN;M;CUB;2;ZULUETA ARENCIBIA, Maikel;GARCIA RODRIGUEZ, Jorge A;44.12;1:33.60;2:26.23;3:17.661;6;;1,1 m/s;SES;WORLD CHAMP;HEAT
29.08.2013;DUISBURG;10:29;SEN;M;SWE;5;HEMSELIUS, Daniel;NATHELL, Martin;45.99;1:36.39;2:28.30;3:19.754;7;;1,1 m/s;SES;WORLD CHAMP;HEAT
;;;;;;;;;;;;;;;;;;
29.08.2013;DUISBURG;10:22;SEN;M;HUN;6;DOMBI, Rudolf;KÖKÉNY, Roland;44.64;1:33.69;2:23.58;3:12.222;1;;2,7 m/s;SE;WORLD CHAMP;HEAT
29.08.2013;DUISBURG;10:22;SEN;M;RUS;5;MEDVEDEV, Ilya ;RYAKHOV, Anton;45.23;1:33.93;2:23.33;3:13.001;2;;2,7 m/s;SE;WORLD CHAMP;HEAT
29.08.2013;DUISBURG;10:22;SEN;M;CAN;4;VAN KOEVERDEN, Adam;REARDON, Brady;45.48;1:35.83;2:25.58;3:13.675;3;;2,7 m/s;SE;WORLD CHAMP;HEAT
29.08.2013;DUISBURG;10:22;SEN;M;MEX;8;LABRADA REINOSA, Osvaldo;MONTALVO GARCIA, Carlos;45.52;1:35.45;02:26.18;3:15.456;4;;2,7 m/s;SE;WORLD CHAMP;HEAT
29.08.2013;DUISBURG;10:22;SEN;M;EST;2;ALUPERE, Kaarel;TOOTSI, Tarmo;45.29;1:34.66;2:25.95;3:16.432;5;;2,7 m/s;SE;WORLD CHAMP;HEAT
29.08.2013;DUISBURG;10:22;SEN;M;DEN;7;KERRN, Mads Herbert;SIMENSEN, Emil Staer;45.77;1:35.18;02:26.73;3:17.982;6;;2,7 m/s;SE;WORLD CHAMP;HEAT
29.08.2013;DUISBURG;10:22;SEN;M;VEN;9;RAMOS, Jose Giovanny;AQUINO, Omar;45.10;1:34.73;2:26.99;3:19.941;7;;2,7 m/s;SE;WORLD CHAMP;HEAT
29.08.2013;DUISBURG;10:22;SEN;M;LAT;3;ANDERSONS, Janis;ALKSNIS, Girts;47.67;1:39.42;2:36.51;3:34.335;8;;2,7 m/s;SE;WORLD CHAMP;HEAT
;;;;;;;;;;;;;;;;;;
29.08.2013;DUISBURG;10:43;SEN;M;GER;6;RENDSCHMIDT, Max;GROSS, Marcus;43.84;1:32.69;2:22.44;3:11.543;1;;1,9 m/s;EES;WORLD CHAMP;HEAT
29.08.2013;DUISBURG;10:43;SEN;M;BEL;5;CAUWENBERGH, Olivier ;PANNECOUCKE, Laurens;45.25;1:33.48;2:23.47;3:12.781;2;;1,9 m/s;EES;WORLD CHAMP;HEAT
29.08.2013;DUISBURG;10:43;SEN;M;LTU;7;NEKRIOSIUS, Ricardas;OLIJNIK, Andrej;45.99;1:35.17;2:24.65;3:14.440;3;;1,9 m/s;EES;WORLD CHAMP;HEAT
29.08.2013;DUISBURG;10:43;SEN;M;ARG;3;DE GESÚS, Juan Pablo;CARRERAS, Gonzalo;45.09;1:34.34;2:25.03;3:15.370;4;;1,9 m/s;EES;WORLD CHAMP;HEAT
29.08.2013;DUISBURG;10:43;SEN;M;ITA;8;BENASSI, Maximilian;RICCHETTI, Alberto;46.27;1:35.29;2:25.55;3:16.380;5;;1,9 m/s;EES;WORLD CHAMP;HEAT
29.08.2013;DUISBURG;10:43;SEN;M;GBR;4;RUTHERFORD, Edward;DANIELS, Andrew;46.25;1:36.07;2:26.84;3:18.289;6;;1,9 m/s;EES;WORLD CHAMP;HEAT
29.08.2013;DUISBURG;10:43;SEN;M;KAZ;2;ALEXEYEV, Yevgeniy;DERGUNOV, Alexey;47.99;1:41.30;2:36.59;3:28.528;7;;1,9 m/s;EES;WORLD CHAMP;HEAT
;;;;;;;;;;;;;;;;;;
29.08.2013;DUISBURG;17:17;SEN;M;BEL;4;CAUWENBERGH, Olivier ;PANNECOUCKE, Laurens;46.10;1:37.06;2:28.56;3:16.371;1;;0,7 m/s;W;WORLD CHAMP;SEMIFINAL
29.08.2013;DUISBURG;17:17;SEN;M;POL;6;SZANDRACH, Pawel;KUJAWSKI, Mariusz;46.29;1:37.38;2:28.68;3:16.761;2;;0,7 m/s;W;WORLD CHAMP;SEMIFINAL
29.08.2013;DUISBURG;17:17;SEN;M;POR;5;SILVA, Emanuel;RIBEIRO, João;45.29;1:36.31;2:28.53;3:17.921;3;;0,7 m/s;W;WORLD CHAMP;SEMIFINAL
29.08.2013;DUISBURG;17:17;SEN;M;UKR;2;KOPYSTYNSKYI, Roman;BASHTOVYY, Serhiy;45.51;1:37.32;2:30.18;3:19.555;4;;0,7 m/s;W;WORLD CHAMP;SEMIFINAL
29.08.2013;DUISBURG;17:17;SEN;M;MEX;7;LABRADA REINOSA, Osvaldo;MONTALVO GARCIA, Carlos;45.40;1:36.90;2:29.64;3:19.707;5;;0,7 m/s;W;WORLD CHAMP;SEMIFINAL
29.08.2013;DUISBURG;17:17;SEN;M;CAN;3;VAN KOEVERDEN, Adam;REARDON, Brady;45.49;1:36.76;2:29.79;3:21.126;6;;0,7 m/s;W;WORLD CHAMP;SEMIFINAL
29.08.2013;DUISBURG;17:17;SEN;M;ROU;8;PORCARASU, Iustin;COSTEA, Daniel;45.54;1:37.88;2:31.12;3:22.432;7;;0,7 m/s;W;WORLD CHAMP;SEMIFINAL
29.08.2013;DUISBURG;17:17;SEN;M;GBR;9;RUTHERFORD, Edward;DANIELS, Andrew;46.27;1:38.15;2:32.41;3:26.909;8;;0,7 m/s;W;WORLD CHAMP;SEMIFINAL
29.08.2013;DUISBURG;17:17;SEN;M;VEN;1;RAMOS, Jose Giovanny;AQUINO, Omar;46.81;1:41.59;2:38.38;3:30.900;9;;0,7 m/s;W;WORLD CHAMP;SEMIFINAL
;;;;;;;;;;;;;;;;;;
29.08.2013;DUISBURG;17:10;SEN;M;BLR;5;MIADZVEDZEU, Pavel;YURENIA, Aleh;44.13;1:33.60;2:24.25;3:12.960;1;;0,7 m/s;W;WORLD CHAMP;SEMIFINAL
29.08.2013;DUISBURG;17:10;SEN;M;AUS;4;STEWART, Murray;CLEAR, Jacob;44.51;1:33.23;2:23.49;3:13.931;2;;0,7 m/s;W;WORLD CHAMP;SEMIFINAL
29.08.2013;DUISBURG;17:10;SEN;M;RUS;6;MEDVEDEV, Ilya ;RYAKHOV, Anton;44.73;1:35.06;2:25.99;3:16.373;3;;0,7 m/s;W;WORLD CHAMP;SEMIFINAL
29.08.2013;DUISBURG;17:10;SEN;M;LTU;3;NEKRIOSIUS, Ricardas;OLIJNIK, Andrej;45.50;1:36.32;2:27.82;3:18.099;4;;0,7 m/s;W;WORLD CHAMP;SEMIFINAL
29.08.2013;DUISBURG;17:10;SEN;M;CZE;8;ŠPICAR, Jakub;ŠLOUF, Radek;46.00;1:36.31;2:28.06;3:18.353;5;;0,7 m/s;W;WORLD CHAMP;SEMIFINAL
29.08.2013;DUISBURG;17:10;SEN;M;EST;2;ALUPERE, Kaarel;TOOTSI, Tarmo;45.96;1:37.06;2:29.39;3:18.551;6;;0,7 m/s;W;WORLD CHAMP;SEMIFINAL
29.08.2013;DUISBURG;17:10;SEN;M;ARG;7;DE GESÚS, Juan Pablo;CARRERAS, Gonzalo;45.42;1:36.31;2:28.57;3:18.952;7;;0,7 m/s;W;WORLD CHAMP;SEMIFINAL
29.08.2013;DUISBURG;17:10;SEN;M;SWE;9;HEMSELIUS, Daniel;NATHELL, Martin;45.51;1:37.25;2:32.56;3:25.689;8;;0,7 m/s;W;WORLD CHAMP;SEMIFINAL
29.08.2013;DUISBURG;17:10;SEN;M;CUB;1;ZULUETA ARENCIBIA, Maikel;GARCIA RODRIGUEZ, Jorge A;43.52;1:36.37;2:33.32;3:25.904;9;;0,7 m/s;W;WORLD CHAMP;SEMIFINAL
;;;;;;;;;;;;;;;;;;
29.08.2013;DUISBURG;17:24;SEN;M;GER;5;RENDSCHMIDT, Max;GROSS, Marcus;44.78;1:35.49;2:27.22;3:16.153;1;;0,7 m/s;W;WORLD CHAMP;SEMIFINAL
29.08.2013;DUISBURG;17:24;SEN;M;SVK;6;VLCEK, Erik;TARR, Juraj;45.60;1:36.86;2:28.22;3:17.360;2;;0,7 m/s;W;WORLD CHAMP;SEMIFINAL
29.08.2013;DUISBURG;17:24;SEN;M;HUN;4;Dombi Rudolf;Kökény Roland;45.59;1:36.23;2:28.46;3:18.553;3;;0,7 m/s;W;WORLD CHAMP;SEMIFINAL
29.08.2013;DUISBURG;17:24;SEN;M;SRB;7;PAJIC, Dejan;STANOJEVIC, Dusko;46.01;1:37.18;2:29.10;3:19.262;4;;0,7 m/s;W;WORLD CHAMP;SEMIFINAL
29.08.2013;DUISBURG;17:24;SEN;M;ESP;3;COSGAYA NORIEGA, Diego;PEREZ RIAL, Carlos;45.63;1:37.22;2:30.42;3:22.068;5;;0,7 m/s;W;WORLD CHAMP;SEMIFINAL
29.08.2013;DUISBURG;17:24;SEN;M;DEN;8;KERRN, Mads Herbert;SIMENSEN, Emil Staer;47.34;1:39.36;2:33.39;3:24.436;6;;0,7 m/s;W;WORLD CHAMP;SEMIFINAL
29.08.2013;DUISBURG;17:24;SEN;M;FIN;9;HAKALA, Jeremy;NYKÄNEN, Miika;47.14;1:39.70;2:33.79;3:24.642;7;;0,7 m/s;W;WORLD CHAMP;SEMIFINAL
29.08.2013;DUISBURG;17:24;SEN;M;NOR;1;SOLHAUG, Jo Sondre;SALBU, Daniel;46.49;1:39.17;2:33.54;3:27.030;8;;0,7 m/s;W;WORLD CHAMP;SEMIFINAL
;;;;;;;;;;;;;;;;;;
31.08.2013;DUISBURG;12:16;SEN;M;LTU;5;NEKRIOSIUS, Ricardas;OLIJNIK, Andrej;46.42;1:36.72;2:27.46;3:17.949;1;;1,3 m/s;SW;WORLD CHAMP;FINAL B
31.08.2013;DUISBURG;12:16;SEN;M;UKR;6;KOPYSTYNSKYI, Roman;BASHTOVYY, Serhiy;46.46;1:37.21;2:29.35;3:18.543;2;;1,3 m/s;SW;WORLD CHAMP;FINAL B
31.08.2013;DUISBURG;12:16;SEN;M;SRB;4;PAJIC, Dejan;STANOJEVIC, Dusko;45.72;1:35.61;2:27.46;3:18.869;3;;1,3 m/s;SW;WORLD CHAMP;FINAL B
31.08.2013;DUISBURG;12:16;SEN;M;CAN;1;VAN KOEVERDEN, Adam;REARDON, Brady;47.07;1:37.74;2:28.79;3:19.029;4;;1,3 m/s;SW;WORLD CHAMP;FINAL B
31.08.2013;DUISBURG;12:16;SEN;M;CZE;7;ŠPICAR, Jakub;ŠLOUF, Radek;47.16;1:36.80;2:28.68;3:20.024;5;;1,3 m/s;SW;WORLD CHAMP;FINAL B
31.08.2013;DUISBURG;12:16;SEN;M;EST;2;ALUPERE, Kaarel;TOOTSI, Tarmo;47.23;1:38.38;2:30.76;3:21.423;6;;1,3 m/s;SW;WORLD CHAMP;FINAL B
31.08.2013;DUISBURG;12:16;SEN;M;ESP;8;COSGAYA NORIEGA, Diego;PEREZ RIAL, Carlos;46.38;1:36.77;2:29.82;3:22.469;7;;1,3 m/s;SW;WORLD CHAMP;FINAL B
31.08.2013;DUISBURG;12:16;SEN;M;MEX;3;LABRADA REINOSA, Osvaldo;MONTALVO GARCIA, Carlos;46.37;1:38.64;2:32.77;3:23.313;8;;1,3 m/s;SW;WORLD CHAMP;FINAL B
31.08.2013;DUISBURG;12:16;SEN;M;DEN;9;KERRN, Mads Herbert;SIMENSEN, Emil Staer;48.02;1:39.19;2:32.97;3:24.582;9;;1,3 m/s;SW;WORLD CHAMP;FINAL B
;;;;;;;;;;;;;;;;;;
31.08.2013;DUISBURG;15:46;SEN;M;GER;6;RENDSCHMIDT, Max;GROSS, Marcus;46.98;1:38.53;2:31.83;3:22.331;1;;1,7 m/s;W;WORLD CHAMP;FINAL A
31.08.2013;DUISBURG;15:46;SEN;M;BLR;5;MIADZVEDZEU, Pavel;YURENIA, Aleh;47.51;1:38.39;2:31.02;3:23.002;2;;1,7 m/s;W;WORLD CHAMP;FINAL A
31.08.2013;DUISBURG;15:46;SEN;M;HUN;9;Dombi Rudolf;Kökény Roland;48.04;1:39.42;2:32.55;3:23.021;3;;1,7 m/s;W;WORLD CHAMP;FINAL A
31.08.2013;DUISBURG;15:46;SEN;M;POL;7;SZANDRACH, Pawel;KUJAWSKI, Mariusz;48.68;1:40.10;2:32.78;3:23.480;4;;1,7 m/s;W;WORLD CHAMP;FINAL A
31.08.2013;DUISBURG;15:46;SEN;M;AUS;3;STEWART, Murray;CLEAR, Jacob;48.12;1:39.12;2:31.90;3:24.256;5;;1,7 m/s;W;WORLD CHAMP;FINAL A
31.08.2013;DUISBURG;15:46;SEN;M;BEL;4;CAUWENBERGH, Olivier ;PANNECOUCKE, Laurens;48.98;1:40.28;2:33.65;3:25.440;6;;1,7 m/s;W;WORLD CHAMP;FINAL A
31.08.2013;DUISBURG;15:46;SEN;M;POR;1;SILVA, Emanuel;RIBEIRO, João;47.42;1:40.09;2:34.50;3:25.859;7;;1,7 m/s;W;WORLD CHAMP;FINAL A
31.08.2013;DUISBURG;15:46;SEN;M;RUS;8;MEDVEDEV, Ilya ;RYAKHOV, Anton;48.88;1:40.95;2:33.96;3:26.054;8;;1,7 m/s;W;WORLD CHAMP;FINAL A
31.08.2013;DUISBURG;15:46;SEN;M;SVK;2;VLCEK, Erik;TARR, Juraj;48.14;1:40.35;2:33.81;3:27.187;9;;1,7 m/s;W;WORLD CHAMP;FINAL A
;;;;;;;;;;;;;;;;;;
16.05.2014;RACICE;11:05;SEN;M;GER;8;RENDSCHMIDT Max;GROSS Marcus;47.650;1:36.030;2:28.130;3:21.602;1;13;;;WORLD CUP;HEAT
16.05.2014;RACICE;11:05;SEN;M;FRA;3;HYBOIS Arnaud;HUBERT Etienne;49.140;1:36.750;2:31.540;3:25.250;2;13;;;WORLD CUP;HEAT
16.05.2014;RACICE;11:05;SEN;M;HUN;4;JANZA Richárd;KORONDY Tamás;50.680;1:41.100;2:34.860;3:26.155;3;13;;;WORLD CUP;HEAT
16.05.2014;RACICE;11:05;SEN;M;GBR;6;BOYTON Jonathan;RUTHERFORD Edward;51.630;1:44.360;2:35.470;3:26.464;4;13;;;WORLD CUP;HEAT
16.05.2014;RACICE;11:05;SEN;M;CAN;2;CLARKE Rob;JESSOP Andrew;48.250;1:38.480;2:33.870;3:28.419;5;13;;;WORLD CUP;HEAT
16.05.2014;RACICE;11:05;SEN;M;TUR;5;GYÖKÖS Layos;MARQUES Carlos;52.340;1:41.650;2:38.100;3:28.952;6;13;;;WORLD CUP;HEAT
16.05.2014;RACICE;11:05;SEN;M;BEL;1;BROEKX Toon;BROEKX Piet;49.880;1:40.370;2:37.330;3:29.327;7;13;;;WORLD CUP;HEAT
16.05.2014;RACICE;11:05;SEN;M;SIN;7;TAY Zi Qiang;LEE Wei Liang, Bill;53.030;1:50.140;2:45.310;3:53.857;8;13;;;WORLD CUP;HEAT
;;;;;;;;;;;;;;;;;;
16.05.2014;RACICE;11:12;SEN;M;SVK;8;KRAJÈOVIÈ Marek;JAKUBÍK Gábor;47.220;1:36.120;2:28.910;3:23.010;1;13;;;WORLD CUP;HEAT
16.05.2014;RACICE;11:12;SEN;M;ARG;6;DAL BO Daniel;CARRERAS Gonzalo;48.480;1:38.850;2:31.900;3:26.356;2;13;;;WORLD CUP;HEAT
16.05.2014;RACICE;11:12;SEN;M;IRI;4;AGHAMIRZAEIJENAGHRAD Ali;FAZLOULA Saeid;52.510;1:43.290;2:36.730;3:27.831;3;13;;;WORLD CUP;HEAT
16.05.2014;RACICE;11:12;SEN;M;FIN;5;HAKALA Jeremy;NYKÄNEN Miika;51.620;1:41.330;2:35.130;3:27.924;4;13;;;WORLD CUP;HEAT
16.05.2014;RACICE;11:12;SEN;M;KAZ;2;ALEXEYEV Yevgeniy;DERGUNOV Alexey;50.790;1:43.970;2:39.610;3:35.300;5;13;;;WORLD CUP;HEAT
16.05.2014;RACICE;11:12;SEN;M;CZE;3;ŠPICAR Jakub;ŠLOUF Radek;;;;;6;13;;;WORLD CUP;HEAT
;;;;;;;;;;;;;;;;;;
16.05.2014;RACICE;11:19;SEN;M;SVK;6;VLÈEK Erik;TARR Juraj;50.060;1:39.180;2:32.630;3:20.906;1;13;;;WORLD CUP;HEAT
16.05.2014;RACICE;11:19;SEN;M;RUS;1;LUCHKIN Kirill;NIKOLAEV Pavel;49.300;1:38.410;2:33.170;3:22.194;2;13;;;WORLD CUP;HEAT
16.05.2014;RACICE;11:19;SEN;M;CZE;2;ADAM Jakub;TREFIL Lukáš;51.740;1:41.110;2:34.010;3:26.594;3;13;;;WORLD CUP;HEAT
16.05.2014;RACICE;11:19;SEN;M;ARG;5;CÁCERES Juan Ignacio;DE TORRES Pablo;48.730;1:40.760;2:35.220;3:27.309;4;13;;;WORLD CUP;HEAT
16.05.2014;RACICE;11:19;SEN;M;CAN;4;REARDON Brady;DUCHESNEAU Phillipe;50.690;1:42.130;2:35.670;3:28.775;5;13;;;WORLD CUP;HEAT
;;;;;;;;;;;;;;;;;;
16.05.2014;RACICE;15:34;SEN;M;FRA;5;HYBOIS Arnaud;HUBERT Etienne;51.110;1:40.620;2:35.970;3:27.566;1;13;13;;WORLDCUP;SEMIFINAL
16.05.2014;RACICE;16:34;SEN;M;CZE;6;ADAM Jakub;TREFIL Lukáš;52.140;1:42.800;2:36.540;3:29.305;2;13;13;;WORLDCUP;SEMIFINAL
16.05.2014;RACICE;17:34;SEN;M;KAZ;2;ALEXEYEV Yevgeniy;DERGUNOV Alexey;49.110;1:40.980;2:37.300;3:29.990;3;13;13;;WORLDCUP;SEMIFINAL
16.05.2014;RACICE;18:34;SEN;M;GBR;7;BOYTON Jonathan;RUTHERFORD Edward;54.110;1:45.640;2:39.830;3:30.734;4;13;13;;WORLDCUP;SEMIFINAL
16.05.2014;RACICE;19:34;SEN;M;IRI;4;AGHAMIRZAEIJENAGHRAD Ali;FAZLOULA Saeid;57.010;1:44.220;2:40.680;3:33.462;5;13;13;;WORLDCUP;SEMIFINAL
16.05.2014;RACICE;20:34;SEN;M;TUR;1;GYÖKÖS Layos;MARQUES Carlos;56.220;1:44.830;2:41.690;3:34.537;6;13;13;;WORLDCUP;SEMIFINAL
16.05.2014;RACICE;21:34;SEN;M;ARG;3;CÁCERES Juan Ignacio;DE TORRES Pablo;50.100;1:41.700;2:39.090;3:35.140;7;13;13;;WORLDCUP;SEMIFINAL
;;;;;;;;;;;;;;;;;;
16.05.2014;RACICE;15:41;SEN;M;RUS;4;LUCHKIN Kirill;NIKOLAEV Pavel;50.430;1:39.300;2:31.810;3:24.991;1;13;13;;WORLDCUP;SEMIFINAL
16.05.2014;RACICE;15:41;SEN;M;ARG;5;DAL BO Daniel;CARRERAS Gonzalo;54.030;1:42.900;2:35.690;3:25.897;2;13;13;;WORLDCUP;SEMIFINAL
16.05.2014;RACICE;15:41;SEN;M;CAN;7;CLARKE Rob;JESSOP Andrew;52.510;1:40.850;2:35.030;3:26.408;3;13;13;;WORLDCUP;SEMIFINAL
16.05.2014;RACICE;15:41;SEN;M;HUN;6;JANZA Richárd;KORONDY Tamás;54.970;1:43.930;2:38.390;3:27.154;4;13;13;;WORLDCUP;SEMIFINAL
16.05.2014;RACICE;15:41;SEN;M;CAN;2;REARDON Brady;DUCHESNEAU Phillipe;51.300;1:41.930;2:37.810;3:27.295;5;13;13;;WORLDCUP;SEMIFINAL
16.05.2014;RACICE;15:41;SEN;M;FIN;3;HAKALA Jeremy;NYKÄNEN Miika;56.380;1:44.710;2:39.210;3:29.854;6;13;13;;WORLDCUP;SEMIFINAL
16.05.2014;RACICE;15:41;SEN;M;BEL;1;BROEKX Toon;BROEKX Piet;49.930;1:39.860;2:37.310;3:32.792;7;13;13;;WORLDCUP;SEMIFINAL
;;;;;;;;;;;;;;;;;;
17.05.2014;RACICE;9:54;SEN;M;HUN;4;JANZA Richárd;KORONDY Tamás;50.190;1:41.220;2:35.760;3:24.546;1;13;13;;WORLDCUP;FINAL B
17.05.2014;RACICE;9:54;SEN;M;GBR;5;BOYTON Jonathan;RUTHERFORD Edward;51.660;1:40.450;2:32.530;3:24.722;2;13;13;;WORLDCUP;FINAL B
17.05.2014;RACICE;9:54;SEN;M;CAN;6;REARDON Brady;DUCHESNEAU Phillipe;53.230;1:43.130;2:37.020;3:24.919;3;13;13;;WORLDCUP;FINAL B
17.05.2014;RACICE;9:54;SEN;M;BEL;8;BROEKX Toon;BROEKX Piet;48.600;1:39.120;2:31.980;3:25.019;4;13;13;;WORLDCUP;FINAL B
17.05.2014;RACICE;9:54;SEN;M;ARG;1;CÁCERES Juan Ignacio;DE TORRES Pablo;49.370;1:39.610;2:34.170;3:25.554;5;13;13;;WORLDCUP;FINAL B
17.05.2014;RACICE;9:54;SEN;M;TUR;7;GYÖKÖS Layos;MARQUES Carlos;54.070;1:42.260;2:36.470;3:27.428;6;13;13;;WORLDCUP;FINAL B
17.05.2014;RACICE;9:54;SEN;M;IRI;3;AGHAMIRZAEIJENAGHRAD Ali;FAZLOULA Saeid;56.700;1:43.790;2:37.740;3:30.103;7;13;13;;WORLDCUP;FINAL B
17.05.2014;RACICE;9:54;SEN;M;FIN;2;HAKALA Jeremy;NYKÄNEN Miika;55.820;1:44.520;2:38.540;3:32.145;8;13;13;;WORLDCUP;FINAL B
;;;;;;;;;;;;;;;;;;
17.05.2014;RACICE;11:03;SEN;M;GER;5;RENDSCHMIDT Max;GROSS Marcus;48.420;1:38.070;2:30.020;3:21.386;1;13;13;;WORLDCUP;FINAL A
17.05.2014;RACICE;11:03;SEN;M;SVK;6;VLÈEK Erik;TARR Juraj;51.640;1:39.080;2:32.550;3:22.924;2;13;13;;WORLDCUP;FINAL A
17.05.2014;RACICE;11:03;SEN;M;FRA;3;HYBOIS Arnaud;HUBERT Etienne;50.270;1:42.910;2:35.840;3:23.394;3;13;13;;WORLDCUP;FINAL A
17.05.2014;RACICE;11:03;SEN;M;RUS;7;LUCHKIN Kirill;NIKOLAEV Pavel;52.420;1:40.420;2:33.120;3:23.799;4;13;13;;WORLDCUP;FINAL A
17.05.2014;RACICE;11:03;SEN;M;CZE;8;ADAM Jakub;TREFIL Lukáš;53.400;1:42.040;2:34.420;3:25.610;5;13;13;;WORLDCUP;FINAL A
17.05.2014;RACICE;11:03;SEN;M;CAN;9;CLARKE Rob;JESSOP Andrew;49.570;1:41.620;2:37.490;3:27.215;6;13;13;;WORLDCUP;FINAL A
17.05.2014;RACICE;11:03;SEN;M;ARG;2;DAL BO Daniel;CARRERAS Gonzalo;56.050;1:43.930;2:38.970;3:28.603;7;13;13;;WORLDCUP;FINAL A
17.05.2014;RACICE;11:03;SEN;M;SVK;4;KRAJÈOVIÈ Marek;JAKUBÍK Gábor;54.710;1:40.640;2:36.460;3:28.778;8;13;13;;WORLDCUP;FINAL A
17.05.2014;RACICE;11:03;SEN;M;KAZ;1;DERGUNOV Alexey;ALEXEYEV Yevgeniy;56.760;1:45.200;2:39.620;3:32.912;9;13;13;;WORLDCUP;FINAL A
;;;;;;;;;;;;;;;;;;
23.05.2014;SZEGED;10:46;SEN;M;FRA;4;Hybois Arnaud ;Hubert Etienne ;48.877;01:42.932;2:40.139 ;3:30.262;1;;;;WORLDCUP;HEAT
23.05.2014;SZEGED;10:46;SEN;M;ITA;7;Dressino Giulio;Torneo Matteo;49.335;1:43.888 ;2:39.729 ;3:31.144;2;;;;WORLDCUP;HEAT
23.05.2014;SZEGED;10:46;SEN;M;GER;3;Rendschmidt Max;Gross Marcus;49.640;1:43.248;2:39.729;3:31.144;3;;;;WORLDCUP;HEAT
23.05.2014;SZEGED;10:46;SEN;M;DEN;2;Pretzmann Casper;Stær Emil;50.965;1:44.822;2:41.489;3:32.338;4;;;;WORLDCUP;HEAT
23.05.2014;SZEGED;10:46;SEN;M;TUR;6;Gyökös Layos;Marques Carlos;49.992;1:45.835;2:43.178;3:32.698;5;;;;WORLDCUP;HEAT
23.05.2014;SZEGED;10:46;SEN;M;SRB;5;Dzigurski Marko;Palfi Krisztian;49.104;1:43.821;2:42.839;3:33.214;6;;;;WORLDCUP;HEAT
23.05.2014;SZEGED;10:46;SEN;M;JPN;1;Mizumoto Keiji;Suzuki Yasuhiro;50.433;1:44.091;2:42.883;3:34.540;7;;;;WORLDCUP;HEAT
;;;;;;;;;;;;;;;;;;
23.05.2014;SZEGED;10:53;SEN;M;LTU;6;Nekriosius Ricardas;Olijnik Andrej;48.732;1:41.493;2:36.072;3:29.258;1;;;;WORLDCUP;HEAT
23.05.2014;SZEGED;10:53;SEN;M;IRA;1;Aghamirzaeijenaghrad Ali;Fazloula Saeid;50.483;1:43.483;;3:32.024;2;;;;WORLDCUP;HEAT
23.05.2014;SZEGED;10:53;SEN;M;RUS;2;Sergeev Aleksandr;Vostrikov Alexey;47.824;1:41.351;2:40.144;3:32.702;3;;;;WORLDCUP;HEAT
23.05.2014;SZEGED;10:53;SEN;M;BEL;4;Broekx Toon;Broekx Piet;48.029;1:40.674;2:38.837;3:33.224;4;;;;WORLDCUP;HEAT
23.05.2014;SZEGED;10:53;SEN;M;GBR;7;Boyton Jonathon;Rutherford Edward;49.475;1:43.147;2:40.264;3:33.746;5;;;;WORLDCUP;HEAT
23.05.2014;SZEGED;10:53;SEN;M;SVK;8;Mysak Denis;Linka Tibor;50.885;1:46.068;2:44.106;3:40.286;6;;;;WORLDCUP;HEAT
;;;;;;;;;;;;;;;;;;
23.05.2014;SZEGED;11:00;SEN;M;HUN;5;Dombi Rudolf;Kökény Roland;49.089;1:42.165;2:36.593;3:30.200;1;;;;WORLDCUP;HEAT
23.05.2014;SZEGED;11:00;SEN;M;HUN;1;Mandrazhiev Vladislav;Spesivtsev Maxim;48.544;1:41.512;2:35.858;3:31.760;2;;;;WORLDCUP;HEAT
23.05.2014;SZEGED;11:00;SEN;M;HUN;7;Li Zhenyu;Cai Chuyu;51.242;1:45.496;2:42.173;3:32.474;3;;;;WORLDCUP;HEAT
23.05.2014;SZEGED;11:00;SEN;M;HUN;4;Cho Jeonghyun;Kim Jiwon;50.999;1:44.662;2:42.364;3:32.660;4;;;;WORLDCUP;HEAT
23.05.2014;SZEGED;11:00;SEN;M;HUN;3;Miller Chris;Collins Stanton;52.855;1:48.965;2:46.334;3:44.570;5;;;;WORLDCUP;HEAT
23.05.2014;SZEGED;11:00;SEN;M;HUN;6;Tay Zi Qiang;Lee Wei Liang Bill;53.633;1:51.629;2:54.161;3:53.552;6;;;;WORLDCUP;HEAT
;;;;;;;;;;;;;;;;;;
23.05.2014;SZEGED;11:07;SEN;M;SVK;2;Vlèek Erik;Tarr Juraj;47.969;1:41.578;2:37.115;3:25.703;1;;;;WORLDCUP;HEAT
23.05.2014;SZEGED;11:07;SEN;M;HUN;4;Petrovics Máté;Gere Bálint;48.651;1:42.088;2:35.497;3:27.851;2;;;;WORLDCUP;HEAT
23.05.2014;SZEGED;11:07;SEN;M;SRB;3;Zoric Milenko;Aleksic Aleksandar;47.284;1:40.322;2:35.876;3:29.033;3;;;;WORLDCUP;HEAT
23.05.2014;SZEGED;11:07;SEN;M;EST;5;Alupere Kaarel;Tootsi Tarmo;48.422;1:41.070;2:36.847;3:29.879;4;;;;WORLDCUP;HEAT
23.05.2014;SZEGED;11:07;SEN;M;CHN;1;Liu Chao;Wu Xiaojun;50.179;1:43.919;2:38.782;3:30.155;5;;;;WORLDCUP;HEAT
23.05.2014;SZEGED;11:07;SEN;M;ROM;7;Turceag Catalin;Burciu Daniel;48.722;1:42.375;2:38.358;3:31.109;6;;;;WORLDCUP;HEAT
23.05.2014;SZEGED;11:07;SEN;M;SLO;8;Apollonio Alan;Blazevic Simon;50.917;1:43.110;2:39.327;3:31.595;7;;;;WORLDCUP;HEAT
23.05.2014;SZEGED;11:07;SEN;M;RSA;6;Glass Alasdair Stuart;Collopy Antony;50.029;1:42.953;2:39.273;3:33.197;8;;;;WORLDCUP;HEAT
;;;;;;;;;;;;;;;;;;
;;;;;LTU;6;Nekriosius Ricardas;Olijnik Andrej;48.100;1:40.820;2:34.107;3:23.429;1;;;;WORLDCUP;SEMIFINAL
23.05.2014;SZEGED;15:27;SEN;M;SVK;5;Vlèek Erik;Tarr Juraj;47.609;1:41.561;2:36.261;3:24.491;2;;;;WORLDCUP;SEMIFINAL
23.05.2014;SZEGED;15:27;SEN;M;ITA;4;Dressino Giulio;Torneo Matteo;48.950;1:41.968;2:34.953;3:25.025;3;;;;WORLDCUP;SEMIFINAL
23.05.2014;SZEGED;15:27;SEN;M;CHN;3;Li Zhenyu;Cai Chuyu;50.028;1:44.065;2:37.949;3:26.483;4;;;;WORLDCUP;SEMIFINAL
23.05.2014;SZEGED;15:27;SEN;M;CHN;2;Liu Chao;Wu Xiaojun;51.468;1:45.944;2:39.234;3:29.945;5;;;;WORLDCUP;SEMIFINAL
23.05.2014;SZEGED;15:27;SEN;M;SVK;1;Mysak Denis;Linka Tibor;49.333;1:44.561;2:39.658;3:32.027;6;;;;WORLDCUP;SEMIFINAL
23.05.2014;SZEGED;15:27;SEN;M;SLO;9;Apollonio Alan;Blazevic Simon;51.043;1:46.655;2:42.739;3:33.635;7;;;;WORLDCUP;SEMIFINAL
23.05.2014;SZEGED;15:27;SEN;M;KOR;7;Cho Jeonghyun;Kim Jiwon;50.366;1:44.966;2:41.998;3:37.991;8;;;;WORLDCUP;SEMIFINAL
23.05.2014;SZEGED;15:27;SEN;M;SRB;8;Dzigurski Marko;Palfi Krisztian;1:05.120;1:48.629;2:46.927;3:38.387;9;;;;WORLDCUP;SEMIFINAL
;;;;;;;;;;;;;;;;;;
23.05.2014;SZEGED;15:34;SEN;M;HUN;5;Dombi Rudolf;Kökény Roland;47.671;1:39.282;2:34.289;3:21.793;1;;;;WORLDCUP;SEMIFINAL
23.05.2014;SZEGED;15:34;SEN;M;GER;6;Rendschmidt Max;Gross Marcus;46.934;1:39.558;2:34.588;3:22.189;2;;;;WORLDCUP;SEMIFINAL
23.05.2014;SZEGED;15:34;SEN;M;EST;2;Alupere Kaarel;Tootsi Tarmo;47.207;1:38.920;2:33.192;3:22.267;3;;;;WORLDCUP;SEMIFINAL
23.05.2014;SZEGED;15:34;SEN;M;RUS;3;Sergeev Aleksandr;Vostrikov Alexey;47.780;1:41.175;2:35.337;3:22.279;4;;;;WORLDCUP;SEMIFINAL
23.05.2014;SZEGED;15:34;SEN;M;HUN;4;Petrovics Máté;Gere Bálint;49.014;1:42.095;2:35.714;3:25.507;5;;;;WORLDCUP;SEMIFINAL
23.05.2014;SZEGED;15:34;SEN;M;RSA;1;Glass Alasdair Stuart;Collopy Antony;49.641;1:42.331;2:38.186;3:27.931;6;;;;WORLDCUP;SEMIFINAL
23.05.2014;SZEGED;15:34;SEN;M;BEL;7;Broekx Toon;Broekx Piet;49.014;1:42.377;2:39.279;3:29.965;7;;;;WORLDCUP;SEMIFINAL
23.05.2014;SZEGED;15:34;SEN;M;TUR;8;Gyökös Layos;Marques Carlos;50.588;1:45.056;2:40.370;3:30.163;8;;;;WORLDCUP;SEMIFINAL
23.05.2014;SZEGED;15:34;SEN;M;SIN;9;Tay Zi Qiang;Lee Wei Liang Bill;56.454;1:57.906;3:02.728;4:02.269;9;;;;WORLDCUP;SEMIFINAL
;;;;;;;;;;;;;;;;;;
23.05.2014;SZEGED;15:41;SEN;M;GRB;2;Boyton Jonathon;Rutherford Edward;47.410;1:38.626;2:32.400;3:23.009;1;;;;WORLDCUP;SEMIFINAL
23.05.2014;SZEGED;15:41;SEN;M;FRA;5;Hybois Arnaud;Hubert Etienne;48.406;1:40.809;2:35.224;3:23.375;2;;;;WORLDCUP;SEMIFINAL
23.05.2014;SZEGED;15:41;SEN;M;RUS;4;Mandrazhiev Vladislav;Spesivtsev Maxim;47.891;1:40.228;2:34.049;3:24.083;3;;;;WORLDCUP;SEMIFINAL
23.05.2014;SZEGED;15:41;SEN;M;SRB;3;Zoric Milenko;Aleksic Aleksandar;47.450;1:39.132;2:34.685;3:26.471;4;;;;WORLDCUP;SEMIFINAL
23.05.2014;SZEGED;15:41;SEN;M;IRA;6;Aghamirzaeijenaghrad Ali;Fazloula Saeid;50.517;1:44.639;2:40.395;3:29.249;5;;;;WORLDCUP;SEMIFINAL
23.05.2014;SZEGED;15:41;SEN;M;DEN;7;Pretzmann Casper;Stær Emil;49.974;1:43.475;2:40.402;3:34.037;6;;;;WORLDCUP;SEMIFINAL
23.05.2014;SZEGED;15:41;SEN;M;JPN;1;Mizumoto Keiji;Suzuki Yasuhiro;49.218;1:44.414;2:42.685;3:34.577;7;;;;WORLDCUP;SEMIFINAL
23.05.2014;SZEGED;15:41;SEN;M;ROM;9;Turceag Catalin;Burciu Daniel;47.210;1:40.178;2:38.753;3:41.279;8;;;;WORLDCUP;SEMIFINAL
23.05.2014;SZEGED;15:41;SEN;M;USA;8;Miller Chris;Collins Stanton;52.644;1:49.257;2:52.719;3:50.063;9;;;;WORLDCUP;SEMIFINAL
;;;;;;;;;;;;;;;;;;
24.05.2014;SZEGED;9:54;SEN;M;HUN;3;Petrovics Máté;Gere Bálint;48.317;1:41.192;2:35.089;3:28.453;1;;;;WORLDCUP;FINAL B
24.05.2014;SZEGED;9:54;SEN;M;SRB;4;Zoric Milenko;Aleksic Aleksandar;48.477;1:42.879;2:37.483;3:28.831;2;;;;WORLDCUP;FINAL B
24.05.2014;SZEGED;9:54;SEN;M;SVK;2;Mysak Denis;Linka Tibor;50.784;1:46.120;2:39.759;3:32.149;3;;;;WORLDCUP;FINAL B
24.05.2014;SZEGED;9:54;SEN;M;IRA;8;Aghamirzaeijenaghrad Ali;Fazloula Saeid;50.627;1:45.173;2:40.814;3:32.563;4;;;;WORLDCUP;FINAL B
24.05.2014;SZEGED;9:54;SEN;M;CHN;5;Li Zhenyu;Cai Chuyu;50.914;1:44.231;2:40.455;3:32.869;5;;;;WORLDCUP;FINAL B
24.05.2014;SZEGED;9:54;SEN;M;RSA;1;Glass Alasdair Stuart;Collopy Antony;49.246;1:43.105;2:38.840;3:33.631;6;;;;WORLDCUP;FINAL B
24.05.2014;SZEGED;9:54;SEN;M;RUS;6;Sergeev Aleksandr;Vostrikov Alexey;48.944;1:43.550;2:41.284;3:34.927;7;;;;WORLDCUP;FINAL B
24.05.2014;SZEGED;9:54;SEN;M;CHN;7;Liu Chao;Wu Xiaojun;51.657;1:46.438;2:42.550;3:35.149;8;;;;WORLDCUP;FINAL B
24.05.2014;SZEGED;9:54;SEN;M;DEN;9;Pretzmann Casper;Stær Emil;50.382;1:45.835;2:43.806;3:35.611;9;;;;WORLDCUP;FINAL B
;;;;;;;;;;;;;;;;;;
24.05.2014;SZEGED;11:16;SEN;M;FRA;2;Hybois Arnaud;Hubert Etienne;46.681;1:39.100;2:33.693;3:23.615;1;;;;WORLDCUP;FINAL A
24.05.2014;SZEGED;11:16;SEN;M;GER;7;Rendschmidt Max;Gross Marcus;46.678;1:39.802;2:34.776;3:23.651;2;;;;WORLDCUP;FINAL A
24.05.2014;SZEGED;11:16;SEN;M;LTU;5;Nekriosius Ricardas;Olijnik Andrej;47.134;1:39.013;2:33.146;3:24.029;3;;;;WORLDCUP;FINAL A
24.05.2014;SZEGED;11:16;SEN;M;HUN;4;Dombi Rudolf;Kökény Roland;47.537;1:40.112;2:34.618;3:24.269;4;;;;WORLDCUP;FINAL A
24.05.2014;SZEGED;11:16;SEN;M;SVK;3;Vlèek Erik;Tarr Juraj;47.268;1:41.021;2:36.060;3:26.423;5;;;;WORLDCUP;FINAL A
24.05.2014;SZEGED;11:16;SEN;M;EST;1;Alupere Kaarel;Tootsi Tarmo;47.331;1:40.654;2:35.875;3:29.057;6;;;;WORLDCUP;FINAL A
24.05.2014;SZEGED;11:16;SEN;M;ITA;8;Dressino Giulio;Torneo Matteo;47.886;1:41.008;2:37.159;3:29.123;7;;;;WORLDCUP;FINAL A
24.05.2014;SZEGED;11:16;SEN;M;RUS;9;Mandrazhiev Vladislav;Spesivtsev Maxim;47.537;1:40.604;2:37.896;3:30.971;8;;;;WORLDCUP;FINAL A
24.05.2014;SZEGED;11:16;SEN;M;GRB;6;Boyton Jonathon;Rutherford Edward;48.190;1:41.195;2:38.632;3:31.319;9;;;;WORLDCUP;FINAL A
;;;;;;;;;;;;;;;;;;
2.05.2014;MILAN;10:50;SEN;M;AUS;6;STEWART Murray;CLEAR Jacob;47.77;1:36.93;2:28.32;3:21.669;1;13;;;WORLDCUP;HEAT
2.05.2014;MILAN;10:50;SEN;M;SLO;5;APOLLONIO Alan;BLAZEVIC Simon;49.00;1:41.37;2:33.10;3:25.799;2;13;;;WORLDCUP;HEAT
2.05.2014;MILAN;10:50;SEN;M;HUN;7;HUFNAGEL Tibor;CEINER Benjamin;48.70;1:40.00;2:33.35;3:26.429;3;13;;;WORLDCUP;HEAT
2.05.2014;MILAN;10:50;SEN;M;SUI;3;DOMEISEN Stefan;SUMMERMATTER Andri;50.83;1:44.41;2:39.34;3:34.629;4;13;;;WORLDCUP;HEAT
2.05.2014;MILAN;10:50;SEN;M;FIN;8;HAKALA Jeremy;NYKANEN Miika;49.15;1:42.00;2:36.03;3:35.214;5;13;;;WORLDCUP;HEAT
2.05.2014;MILAN;10:50;SEN;M;KGZ;4;BONDAR Maksim;DOROFEEV Igor;49.87;1:47.17;2:47.05;3:49.044;6;13;;;WORLDCUP;HEAT
;;;;;;;;;;;;;;;;;;
2.05.2014;MILAN;10:57;SEN;M;POL;5;SZANDRACH Pawel;KUJAWSKI Mariusz;;;;3:19.432;1;13;12 m/s;;WORLDCUP;HEAT
2.05.2014;MILAN;10:57;SEN;M;ITA;3;DRESSINO Giulio;TORNEO Matteo;;;;3:22.759;2;13;12 m/s;;WORLDCUP;HEAT
2.05.2014;MILAN;10:57;SEN;M;HUN;4;GACSAL Akos;ILYES Robert;;;;3:27.489;3;13;12 m/s;;WORLDCUP;HEAT
2.05.2014;MILAN;10:57;SEN;M;AUT;6;WECHT Alexander;TRUMMER Erwin;;;;3:30.884;4;13;12 m/s;;WORLDCUP;HEAT
2.05.2014;MILAN;10:57;SEN;M;NED;7;HOOGERS Jasper;KALF Walter;;;;3:38.034;5;13;12 m/s;;WORLDCUP;HEAT
;;;;;;;;;;;;;;;;;;
2.05.2014;MILAN;15:23;SEN;M;FIN;3;HAKALA Jeremy;NYKANEN Miika;51.93;1:46.73;2:41.56;3:36.621;1;17;5 m/s;;WORLDCUP;SEMI FINAL
2.05.2014;MILAN;15:23;SEN;M;NED;6;HOOGERS Jasper;KALF Walter;51.94;1:45.48;2:42.08;3:36.993;2;17;5 m/s;;WORLDCUP;SEMI FINAL
2.05.2014;MILAN;15:23;SEN;M;AUT;5;WECHT Alexander;TRUMMER Erwin;52.47;1:47.66;2:44.22;3:37.189;3;17;5 m/s;;WORLDCUP;SEMI FINAL
2.05.2014;MILAN;15:23;SEN;M;SUI;4;DOMEISEN Stefan;SUMMERMATTER Andri;53.31;1:46.74;2:42.93;3:39.117;4;17;5 m/s;;WORLDCUP;SEMI FINAL
2.05.2014;MILAN;15:23;SEN;M;KGZ;7;BONDAR Maksim;DOROFEEV Igor;55.83;1:56.39;2:58.72;4:01.733;5;17;5 m/s;;WORLDCUP;SEMI FINAL
;;;;;;;;;;;;;;;;;;
3.05.2014;MILAN;9:40;SEN;M;POL;4;SZANDRACH Pawel;KUJAWSKI Mariusz;49.00;1:34.98;2:24.02;3:13.869;1;15;0 m/s;;WORLDCUP;FINAL A
3.05.2014;MILAN;9:40;SEN;M;AUS;5;STEWART Murray;CLEAR Jacob;46.81;1:35.39;2:24.58;3:14.621;2;15;0 m/s;;WORLDCUP;FINAL A
3.05.2014;MILAN;9:40;SEN;M;ITA;6;DRESSINO Giulio;TORNEO Matteo;48.62;1:36.22;2:26.73;3:16.949;3;15;0 m/s;;WORLDCUP;FINAL A
3.05.2014;MILAN;9:40;SEN;M;HUN;7;HUFNAGEL Tibor;CEINER Benjamin;48.00;1:38.45;2:28.74;3:18.365;4;15;0 m/s;;WORLDCUP;FINAL A
3.05.2014;MILAN;9:40;SEN;M;HUN;2;GACSAL Akos;ILYES Robert;47.08;1:37.96;2:28.85;3:20.217;5;15;0 m/s;;WORLDCUP;FINAL A
3.05.2014;MILAN;9:40;SEN;M;FIN;8;HAKALA Jeremy;NYKANEN Miika;49.67;1:41.68;2:34.03;3:25.261;6;15;0 m/s;;WORLDCUP;FINAL A
3.05.2014;MILAN;9:40;SEN;M;SLO;3;APOLLONIO Alan;BLAZEVIC Simon;49.37;1:41.17;2:33.98;3:25.345;7;15;0 m/s;;WORLDCUP;FINAL A
3.05.2014;MILAN;9:40;SEN;M;AUT;9;WECHT Alexander;TRUMMER Erwin;50.80;1:44.02;2:36.68;3:28.781;8;15;0 m/s;;WORLDCUP;FINAL A
3.05.2014;MILAN;9:40;SEN;M;NED;1;HOOGERS Jasper;KALF Walter;49.75;1:42.74;2:37.00;3:32.077;9;15;0 m/s;;WORLDCUP;FINAL A
;;;;;;;;;;;;;;;;;;
7.08.2014;MOSCOW;10:57;SEN;M;GER;5;RENDSCHMIDT, Max;GROSS, Marcus;44.80;1:33.39;2:23.73;3:12.240;1;;2,4 m/s;SES;WORLDCHAMPIONSHIPS  ;HEAT
7.08.2014;MOSCOW;10:57;SEN;M;SRB;6;TOMICEVIC, Marko;TORUBAROV, Vladimir;44.94;1:33.43;2:23.66;3:12.271;2;;2,4 m/s;SES;WORLDCHAMPIONSHIPS  ;HEAT
7.08.2014;MOSCOW;10:57;SEN;M;FRA;3;HYBOIS, Arnaud;HUBERT, Etienne;45.44;1:34.10;2:25.28;3:13.561;3;;2,4 m/s;SES;WORLDCHAMPIONSHIPS  ;HEAT
7.08.2014;MOSCOW;10:57;SEN;M;UKR;4;KOPYSTYNSKYI, Roman;BASHTOVYY, Serhiy;46.20;1:36.14;2:25.47;3:14.002;4;;2,4 m/s;SES;WORLDCHAMPIONSHIPS  ;HEAT
7.08.2014;MOSCOW;10:57;SEN;M;NOR;2;ULLVANG, Lars Magne;VOLD, Eivind;46.35;1:36.40;2:26.28;3:14.391;5;;2,4 m/s;SES;WORLDCHAMPIONSHIPS  ;HEAT
7.08.2014;MOSCOW;10:57;SEN;M;GBR;7;BOYTON, Jonathan;RUTHERFORD, Edward;45.70;1:35.45;2:25.61;3:17.244;6;;2,4 m/s;SES;WORLDCHAMPIONSHIPS  ;HEAT
7.08.2014;MOSCOW;10:57;SEN;M;RSA;8;GLASS, Alasdair;COLLOPY, Antony;47.10;1:36.72;2:27.28;3:18.735;7;;2,4 m/s;SES;WORLDCHAMPIONSHIPS  ;HEAT
7.08.2014;MOSCOW;10:57;SEN;M;BRA;1;Junior Souta, Vagner;Schu Fagundes, Eduardo;46.58;1:37.66;2:32.53;3:29.564;8;;2,4 m/s;SES;WORLDCHAMPIONSHIPS  ;HEAT
;;;;;;;;;;;;;;;;;;
7.08.2014;MOSCOW;11:04;SEN;M;HUN;5;HUFNÁGEL, Tibor;KÖKÉNY, Roland;46.76;1:35.79;2:25.61;3:14.634;1;;3,9 m/s;S;WORLDCHAMPIONSHIPS;HEAT
7.08.2014;MOSCOW;11:04;SEN;M;CAN;6;REARDON, Brady Daniel Heim;JESSOP, Andrew Dennis;46.71;1:36.26;2:26.20;3:15.405;2;;3,9 m/s;S;WORLDCHAMPIONSHIPS;HEAT
7.08.2014;MOSCOW;11:04;SEN;M;LTU;4;NEKRIOSIUS, Ricardas;OLIJNIK, Andrej;46.28;1:36.25;2:27.58;3:16.294;3;;3,9 m/s;S;WORLDCHAMPIONSHIPS;HEAT
7.08.2014;MOSCOW;11:04;SEN;M;CHN;1;LI, Zhenyu;SUN, Xinchang;47.10;1:37.86;2:28.75;3:17.494;4;;3,9 m/s;S;WORLDCHAMPIONSHIPS;HEAT
7.08.2014;MOSCOW;11:04;SEN;M;FIN;3;HAKALA, Jeremy;NYKÄNEN, Miika;48.53;1:38.69;2:29.61;3:19.227;5;;3,9 m/s;S;WORLDCHAMPIONSHIPS;HEAT
7.08.2014;MOSCOW;11:04;SEN;M;SIN;8;LEE, Wei Liang, Bill;OOI, Brandon, Wei Cheng;49.05;1:40.43;2:32.76;3:26.564;6;;3,9 m/s;S;WORLDCHAMPIONSHIPS;HEAT
7.08.2014;MOSCOW;11:04;SEN;M;INA;7;GANDIE, Gandie;RIYONDRA, Maizir;49.21;1:42.05;2:35.03;3:33.784;7;;3,9 m/s;S;WORLDCHAMPIONSHIPS;HEAT
7.08.2014;MOSCOW;11:04;SEN;M;MAC;2;CHE, Man Tou;CHEONG, Ieng Hei;57.67;2:00.04;3:04.81;4:08.038;8;;3,9 m/s;S;WORLDCHAMPIONSHIPS;HEAT
;;;;;;;;;;;;;;;;;;
7.08.2014;MOSCOW;11:11;SEN;M;POL;5;SZANDRACH, Pawel;KUJAWSKI, Mariusz;45.32;1:32.48;2:21.52;3:10.338;1;;2,9 m/s;S;WORLDCHAMPIONSHIPS;HEAT
7.08.2014;MOSCOW;11:11;SEN;M;SVK;4;VLCEK, Erik;TARR, Juraj;45.01;1:33.25;2:23.49;3:11.249;2;;2,9 m/s;S;WORLDCHAMPIONSHIPS;HEAT
7.08.2014;MOSCOW;11:11;SEN;M;CZE;6;ADAM, Jakub;DAVIDEK, Pavel;47.52;1:35.93;2:25.26;3:13.130;3;;2,9 m/s;S;WORLDCHAMPIONSHIPS;HEAT
7.08.2014;MOSCOW;11:11;SEN;M;ARG;3;DAL BO, Daniel;CARRERAS, Gonzalo;45.08;1:34.88;2:25.31;3:13.364;4;;2,9 m/s;S;WORLDCHAMPIONSHIPS;HEAT
7.08.2014;MOSCOW;11:11;SEN;M;UZB;1;TROPIN, Aleksandr;GORN, Vyacheslav;47.54;1:37.71;2:28.06;3:17.934;5;;2,9 m/s;S;WORLDCHAMPIONSHIPS;HEAT
7.08.2014;MOSCOW;11:11;SEN;M;TJK;8;SALIMOV, Ruslan;GAFUROV, Abdusattor;47.11;1:39.87;2:34.31;3:24.751;6;;2,9 m/s;S;WORLDCHAMPIONSHIPS;HEAT
7.08.2014;MOSCOW;11:11;SEN;M;KGZ;2;SAIFULIN, Ruslan;PAROL, Aleksandr;48.18;1:40.89;2:33.15;3:29.737;7;;2,9 m/s;S;WORLDCHAMPIONSHIPS;HEAT
7.08.2014;MOSCOW;11:11;SEN;M;IND;7;KATHET, Narender Singh;CHIGAHALLY KENGASHETTY, Mahesha;51.46;1:47.69;2:46.73;3:45.112;8;;2,9 m/s;S;WORLDCHAMPIONSHIPS;HEAT
;;;;;;;;;;;;;;;;;;
7.08.2014;MOSCOW;11:18;SEN;M;AUS;5;WALLACE, Kenny;TAME, Lachlan;44.69;1:32.72;2:22.13;3:08.461;1;;3,3 m/s;S;WORLDCHAMPIONSHIPS;HEAT
7.08.2014;MOSCOW;11:18;SEN;M;BLR;3;MIADZVEDZEU, Pavel;YURENIA, Aleh;45.10;1:32.47;2:21.40;3:10.139;2;;3,3 m/s;S;WORLDCHAMPIONSHIPS;HEAT
7.08.2014;MOSCOW;11:18;SEN;M;RUS;4;MEDVEDEV, Ilya;RYAKHOV, Anton;45.70;1:35.05;2:23.80;3:12.273;3;;3,3 m/s;S;WORLDCHAMPIONSHIPS;HEAT
7.08.2014;MOSCOW;11:18;SEN;M;IRL;7;FITZSIMON, Michael;WATKINS, Barry;47.61;1:36.29;2:25.27;3:13.156;4;;3,3 m/s;S;WORLDCHAMPIONSHIPS;HEAT
7.08.2014;MOSCOW;11:18;SEN;M;KAZ;2;SULTANBEKOV, Daulet;YERGUCHYOV, Andrey;46.82;1:36.16;2:26.62;3:15.269;5;;3,3 m/s;S;WORLDCHAMPIONSHIPS;HEAT
7.08.2014;MOSCOW;11:18;SEN;M;EST;6;ALUPERE, Kaarel;TOOTSI, Tarmo;47.59;1:38.10;2:27.35;3:16.603;6;;3,3 m/s;S;WORLDCHAMPIONSHIPS;HEAT
7.08.2014;MOSCOW;11:18;SEN;M;NED;1;HOOGERS, Jasper;FLIER, Albart;48.66;1:39.25;2:28.73;3:18.160;7;;3,3 m/s;S;WORLDCHAMPIONSHIPS;HEAT
7.08.2014;MOSCOW;11:18;SEN;M;TPE;8;TUAN, Yen-yu;LIN, Yung-chieh;53.45;1:42.85;2:29.91;3:18.856;8;;3,3 m/s;S;WORLDCHAMPIONSHIPS;HEAT
;;;;;;;;;;;;;;;;;;
7.08.2014;MOSCOW;11:25;SEN;M;POR;4;SILVA, Emanuel;RIBEIRO, João;45.13;1:33.05;2:23.10;3:13.446;1;;2,6 m/s;S;WORLDCHAMPIONSHIPS;HEAT
7.08.2014;MOSCOW;11:25;SEN;M;BEL;5;CAUWENBERGH, Olivier;PANNECOUCKE, Laurens;45.71;1:32.93;2:22.44;3:14.772;2;;2,6 m/s;S;WORLDCHAMPIONSHIPS;HEAT
7.08.2014;MOSCOW;11:25;SEN;M;ITA;7;DRESSINO, Giulio;TORNEO, Matteo;45.28;1:34.15;2:24.90;3:17.934;3;;2,6 m/s;S;WORLDCHAMPIONSHIPS;HEAT
7.08.2014;MOSCOW;11:25;SEN;M;ESP;6;RODRIGUEZ, Víctor;COSGAYA NORIEGA, Diego;46.04;1:36.16;2:27.41;3:20.624;4;;2,6 m/s;S;WORLDCHAMPIONSHIPS;HEAT
7.08.2014;MOSCOW;11:25;SEN;M;MEX;3;LOPEZ QUINTERO, Javier;FUENTES JUAREZ, Osbaldo;47.13;1:36.55;2:28.35;3:23.085;5;;2,6 m/s;S;WORLDCHAMPIONSHIPS;HEAT
7.08.2014;MOSCOW;11:25;SEN;M;JPN;2;MIZUMOTO, Keiji;SUZUKI, Yasuhiro;48.40;1:39.63;2:31.10;3:27.713;6;;2,6 m/s;S;WORLDCHAMPIONSHIPS;HEAT
;;;;;;;;;;;;;;;;;;
7.08.2014;MOSCOW;16:56;SEN;M;SRB;6;TOMICEVIC, Marko;TORUBAROV, Vladimir;47.03;1:36.71;2:27.49;3:17.362;1;;2,4  m/s;SES;WORLDCHAMPIONSHIPS;SEMIFINAL
7.08.2014;MOSCOW;16:56;SEN;M;HUN;5;HUFNÁGEL, Tibor;KÖKÉNY, Roland;49.26;1:39.20;2:29.43;3:19.780;2;;2,4  m/s;SES;WORLDCHAMPIONSHIPS;SEMIFINAL
7.08.2014;MOSCOW;16:56;SEN;M;POR;4;SILVA, Emanuel;RIBEIRO, João;47.03;1:37.95;2:30.15;3:20.294;3;;2,4  m/s;SES;WORLDCHAMPIONSHIPS;SEMIFINAL
7.08.2014;MOSCOW;16:56;SEN;M;NOR;2;ULLVANG, Lars Magne;VOLD, Eivind;47.38;1:38.34;2:29.59;3:20.546;4;;2,4  m/s;SES;WORLDCHAMPIONSHIPS;SEMIFINAL
7.08.2014;MOSCOW;16:56;SEN;M;ARG;7;DAL BO, Daniel;CARRERAS, Gonzalo;49.14;1:39.49;2:31.82;3:21.575;5;;2,4  m/s;SES;WORLDCHAMPIONSHIPS;SEMIFINAL
7.08.2014;MOSCOW;16:56;SEN;M;IRL;3;FITZSIMON, Michael;WATKINS, Barry;50.00;1:40.19;2:31.65;3:21.917;6;;2,4  m/s;SES;WORLDCHAMPIONSHIPS;SEMIFINAL
7.08.2014;MOSCOW;16:56;SEN;M;KAZ;8;SULTANBEKOV, Daulet;YERGUCHYOV, Andrey;47.86;1:39.84;2:32.31;3:24.434;7;;2,4  m/s;SES;WORLDCHAMPIONSHIPS;SEMIFINAL
7.08.2014;MOSCOW;16:56;SEN;M;TPE;9;TUAN, Yen-yu;LIN, Yung-chieh;50.91;1:41.65;2:34.48;3:28.339;8;;2,4  m/s;SES;WORLDCHAMPIONSHIPS;SEMIFINAL
7.08.2014;MOSCOW;16:56;SEN;M;KGZ;1;SAIFULIN, Ruslan;PAROL, Aleksandr;51.10;1:45.76;2:42.67;3:37.123;9;;2,4  m/s;SES;WORLDCHAMPIONSHIPS;SEMIFINAL
;;;;;;;;;;;;;;;;;;
7.08.2014;MOSCOW;17:03;SEN;M;GER;5;RENDSCHMIDT, Max;GROSS, Marcus;46.90;1:39.18;2:32.66;3:24.556;1;;4,5 m/S;WSW;WORLDCHAMPIONSHIPS;
7.08.2014;MOSCOW;17:03;SEN;M;BLR;6;MIADZVEDZEU, Pavel;YURENIA, Aleh;47.28;1:38.78;2:31.48;3:25.981;2;;4,5 m/S;WSW;WORLDCHAMPIONSHIPS;
7.08.2014;MOSCOW;17:03;SEN;M;ITA;3;DRESSINO, Giulio;TORNEO, Matteo;47.15;1:40.56;2:35.10;3:28.761;3;;4,5 m/S;WSW;WORLDCHAMPIONSHIPS;
7.08.2014;MOSCOW;17:03;SEN;M;CHN;7;LI, Zhenyu;SUN, Xinchang;51.06;1:43.66;2:36.18;3:29.888;4;;4,5 m/S;WSW;WORLDCHAMPIONSHIPS;
7.08.2014;MOSCOW;17:03;SEN;M;CZE;4;ADAM, Jakub;DAVIDEK, Pavel;49.78;1:42.15;2:37.23;3:29.991;5;;4,5 m/S;WSW;WORLDCHAMPIONSHIPS;
7.08.2014;MOSCOW;17:03;SEN;M;NED;1;HOOGERS, Jasper;FLIER, Albart;51.24;1:46.92;2:43.95;3:36.983;6;;4,5 m/S;WSW;WORLDCHAMPIONSHIPS;
7.08.2014;MOSCOW;17:03;SEN;M;MEX;8;LOPEZ QUINTERO, Javier;FUENTES JUAREZ, Osbaldo;48.13;1:43.05;2:40.84;3:37.022;7;;4,5 m/S;WSW;WORLDCHAMPIONSHIPS;
7.08.2014;MOSCOW;17:03;SEN;M;TJK;9;SALIMOV, Ruslan;GAFUROV, Abdusattor;51.38;1:47.40;2:45.48;3:40.941;8;;4,5 m/S;WSW;WORLDCHAMPIONSHIPS;
7.08.2014;MOSCOW;17:03;SEN;M;SIN;2;LEE, Wei Liang, Bill;OOI, Brandon, Wei Cheng;52.70;1:49.49;2:48.75;3:42.151;9;;4,5 m/S;WSW;WORLDCHAMPIONSHIPS;
;;;;;;;;;;;;;;;;;;
7.08.2014;MOSCOW;17:10;SEN;M;RUS;3;MEDVEDEV, Ilya;RYAKHOV, Anton;46.78;1:38.01;2:28.65;3:18.999;1;;4,5 m/S;WSW;WORLDCHAMPIONSHIPS;
7.08.2014;MOSCOW;17:10;SEN;M;LTU;6;NEKRIOSIUS, Ricardas;OLIJNIK, Andrej;45.88;1:35.38;2:27.58;3:19.867;2;;4,5 m/S;WSW;WORLDCHAMPIONSHIPS;
7.08.2014;MOSCOW;17:10;SEN;M;BEL;4;CAUWENBERGH, Olivier;PANNECOUCKE, Laurens;47.86;1:39.63;2:31.81;3:20.994;3;;4,5 m/S;WSW;WORLDCHAMPIONSHIPS;
7.08.2014;MOSCOW;17:10;SEN;M;UKR;7;KOPYSTYNSKYI, Roman;BASHTOVYY, Serhiy;46.58;1:38.02;2:30.00;3:21.975;4;;4,5 m/S;WSW;WORLDCHAMPIONSHIPS;
7.08.2014;MOSCOW;17:10;SEN;M;EST;8;ALUPERE, Kaarel;TOOTSI, Tarmo;47.59;1:39.14;2:32.70;3:24.027;5;;4,5 m/S;WSW;WORLDCHAMPIONSHIPS;
7.08.2014;MOSCOW;17:10;SEN;M;GBR;1;BOYTON, Jonathan;RUTHERFORD, Edward;48.21;1:41.02;2:33.99;3:26.147;6;;4,5 m/S;WSW;WORLDCHAMPIONSHIPS;
7.08.2014;MOSCOW;17:10;SEN;M;POL;5;SZANDRACH, Pawel;KUJAWSKI, Mariusz;46.80;1:37.46;2:30.94;3:28.500;7;;4,5 m/S;WSW;WORLDCHAMPIONSHIPS;
7.08.2014;MOSCOW;17:10;SEN;M;FIN;2;HAKALA, Jeremy;NYKÄNEN, Miika;49.05;1:41.18;2:37.45;3:40.380;8;;4,5 m/S;WSW;WORLDCHAMPIONSHIPS;
;;;;;;;;;;;;;;;;;;
7.08.2014;MOSCOW;17:10;SEN;M;AUS;5;WALLACE, Kenny;TAME, Lachlan;46.33;1:36.07;2:26.61;3:15.897;1;;3,5 m/S;WSW;WORLDCHAMPIONSHIPS;
7.08.2014;MOSCOW;17:10;SEN;M;SVK;4;VLCEK, Erik;TARR, Juraj;46.49;1:35.96;2:27.21;3:16.613;2;;3,5 m/S;WSW;WORLDCHAMPIONSHIPS;
7.08.2014;MOSCOW;17:10;SEN;M;CAN;6;REARDON, Brady Daniel Heim;JESSOP, Andrew Dennis;49.02;1:38.68;2:28.71;3:17.036;3;;3,5 m/S;WSW;WORLDCHAMPIONSHIPS;
7.08.2014;MOSCOW;17:10;SEN;M;FRA;3;HYBOIS, Arnaud;HUBERT, Etienne;48.34;1:38.44;2:29.16;3:17.343;4;;3,5 m/S;WSW;WORLDCHAMPIONSHIPS;
7.08.2014;MOSCOW;17:10;SEN;M;ESP;7;RODRIGUEZ, Víctor;COSGAYA NORIEGA, Diego;47.80;1:38.35;2:29.63;3:21.199;5;;3,5 m/S;WSW;WORLDCHAMPIONSHIPS;
7.08.2014;MOSCOW;17:10;SEN;M;UZB;8;TROPIN, Aleksandr;GORN, Vyacheslav;50.47;1:40.74;2:31.43;3:22.892;6;;3,5 m/S;WSW;WORLDCHAMPIONSHIPS;
7.08.2014;MOSCOW;17:10;SEN;M;RSA;9;GLASS, Alasdair;COLLOPY, Antony;48.56;1:40.15;2:33.50;3:27.964;7;;3,5 m/S;WSW;WORLDCHAMPIONSHIPS;
7.08.2014;MOSCOW;17:10;SEN;M;JPN;2;MIZUMOTO, Keiji;SUZUKI, Yasuhiro;50.85;1:44.74;2:42.52;3:39.099;8;;3,5 m/S;WSW;WORLDCHAMPIONSHIPS;
7.08.2014;MOSCOW;17:10;SEN;M;INA;1;GANDIE, Gandie;RIYONDRA, Maizir;50.98;1:47.85;2:47.01;3:43.454;9;;3,5 m/S;WSW;WORLDCHAMPIONSHIPS;
;;;;;;;;;;;;;;;;;;
7.08.2014;MOSCOW;17:10;SEN;M;IRL;4;FITZSIMON, Michael;WATKINS, Barry;47.73;1:36.62;2:26.76;3:15.327;1;;3,2 m/s;NWN;WORLDCHAMPIONSHIPS;FINAL C
7.08.2014;MOSCOW;17:10;SEN;M;CZE;6;ADAM, Jakub;DAVIDEK, Pavel;46.93;1:36.49;2:26.62;3:15.591;2;;3,2 m/s;NWN;WORLDCHAMPIONSHIPS;FINAL C
7.08.2014;MOSCOW;17:10;SEN;M;EST;5;ALUPERE, Kaarel;TOOTSI, Tarmo;45.65;1:34.40;2:25.71;3:15.766;3;;3,2 m/s;NWN;WORLDCHAMPIONSHIPS;FINAL C
7.08.2014;MOSCOW;17:10;SEN;M;GBR;2;BOYTON, Jonathan;RUTHERFORD, Edward;45.55;1:34.06;2:25.39;3:17.033;4;;3,2 m/s;NWN;WORLDCHAMPIONSHIPS;FINAL C
7.08.2014;MOSCOW;17:10;SEN;M;RSA;1;GLASS, Alasdair;COLLOPY, Antony;47.42;1:36.79;2:27.81;3:18.748;5;;3,2 m/s;NWN;WORLDCHAMPIONSHIPS;FINAL C
7.08.2014;MOSCOW;17:10;SEN;M;KAZ;8;SULTANBEKOV, Daulet;YERGUCHYOV, Andrey;46.49;1:37.00;2:28.64;3:19.464;6;;3,2 m/s;NWN;WORLDCHAMPIONSHIPS;FINAL C
7.08.2014;MOSCOW;17:10;SEN;M;UZB;7;TROPIN, Aleksandr;GORN, Vyacheslav;48.17;1:39.31;2:31.73;3:21.087;7;;3,2 m/s;NWN;WORLDCHAMPIONSHIPS;FINAL C
7.08.2014;MOSCOW;17:10;SEN;M;NED;3;HOOGERS, Jasper;FLIER, Albart;48.96;1:39.40;2:30.29;3:21.511;8;;3,2 m/s;NWN;WORLDCHAMPIONSHIPS;FINAL C
7.08.2014;MOSCOW;17:10;SEN;M;TPE;9;TUAN, Yen-yu;LIN, Yung-chieh;47.88;1:39.40;2:30.19;3:23.501;9;;3,2 m/s;NWN;WORLDCHAMPIONSHIPS;FINAL C
;;;;;;;;;;;;;;;;;;
7.08.2014;MOSCOW;17:10;SEN;M;POR;5;SILVA, Emanuel;RIBEIRO, João;44.41;1:32.43;2:22.65;3:09.942;1;;0,5 m/s;N;WORLDCHAMPIONSHIPS;FINAL B
7.08.2014;MOSCOW;17:10;SEN;M;FRA;8;HYBOIS, Arnaud;HUBERT, Etienne;44.36;1:31.96;2:21.90;3:10.650;2;;0,5 m/s;N;WORLDCHAMPIONSHIPS;FINAL B
7.08.2014;MOSCOW;17:10;SEN;M;ESP;1;RODRIGUEZ, Víctor;COSGAYA NORIEGA, Diego;45.36;1:33.73;2:22.96;3:11.129;3;;0,5 m/s;N;WORLDCHAMPIONSHIPS;FINAL B
7.08.2014;MOSCOW;17:10;SEN;M;BEL;6;CAUWENBERGH, Olivier;PANNECOUCKE, Laurens;44.57;1:31.29;2:20.81;3:12.538;4;;0,5 m/s;N;WORLDCHAMPIONSHIPS;FINAL B
7.08.2014;MOSCOW;17:10;SEN;M;ARG;9;DAL BO, Daniel;CARRERAS, Gonzalo;45.08;1:34.95;2:24.18;3:13.601;5;;0,5 m/s;N;WORLDCHAMPIONSHIPS;FINAL B
7.08.2014;MOSCOW;17:10;SEN;M;NOR;3;ULLVANG, Lars Magne;VOLD, Eivind;46.21;1:35.49;2:25.20;3:14.119;6;;0,5 m/s;N;WORLDCHAMPIONSHIPS;FINAL B
7.08.2014;MOSCOW;17:10;SEN;M;ITA;4;DRESSINO, Giulio;TORNEO, Matteo;44.45;1:32.80;2:23.99;3:15.766;7;;0,5 m/s;N;WORLDCHAMPIONSHIPS;FINAL B
7.08.2014;MOSCOW;17:10;SEN;M;CHN;2;LI, Zhenyu;SUN, Xinchang;46.87;1:36.67;2:26.38;3:16.697;8;;0,5 m/s;N;WORLDCHAMPIONSHIPS;FINAL B
7.08.2014;MOSCOW;17:10;SEN;M;UKR;7;KOPYSTYNSKYI, Roman;BASHTOVYY, Serhiy;45.98;1:35.70;2:27.39;3:21.090;9;;0,5 m/s;N;WORLDCHAMPIONSHIPS;FINAL B
;;;;;;;;;;;;;;;;;;
;;;;;SVK;9;VLCEK, Erik;TARR, Juraj;44.64;1:31.97;2:20.60;3:08.784;1;;4,5 m/s;NW;WORLDCHAMPIONSHIPS;FINAL A
;;;;;AUS;3;WALLACE, Kenny;TAME, Lachlan;44.19;1:32.24;2:21.99;3:09.637;2;;4,5 m/s;NW;WORLDCHAMPIONSHIPS;FINAL A
;;;;;SRB;5;TOMICEVIC, Marko;TORUBAROV, Vladimir;45.54;1:34.22;2:23.52;3:09.857;3;;4,5 m/s;NW;WORLDCHAMPIONSHIPS;FINAL A
;;;;;GER;4;RENDSCHMIDT, Max;GROSS, Marcus;44.94;1:33.82;2:23.07;3:10.529;4;;4,5 m/s;NW;WORLDCHAMPIONSHIPS;FINAL A
;;;;;HUN;8;HUFNÁGEL, Tibor;KÖKÉNY, Roland;45.63;1:34.05;2:22.81;3:10.874;5;;4,5 m/s;NW;WORLDCHAMPIONSHIPS;FINAL A
;;;;;LTU;2;NEKRIOSIUS, Ricardas;OLIJNIK, Andrej;44.86;1:33.16;2:22.66;3:11.967;6;;4,5 m/s;NW;WORLDCHAMPIONSHIPS;FINAL A
;;;;;CAN;1;REARDON, Brady Daniel Heim;JESSOP, Andrew Dennis;47.34;1:35.63;2:24.46;3:12.068;7;;4,5 m/s;NW;WORLDCHAMPIONSHIPS;FINAL A
;;;;;BLR;7;MIADZVEDZEU, Pavel;YURENIA, Aleh;45.70;1:34.13;2:23.47;3:12.629;8;;4,5 m/s;NW;WORLDCHAMPIONSHIPS;FINAL A
;;;;;RUS;6;MEDVEDEV, Ilya;RYAKHOV, Anton;46.64;1:36.61;2:24.68;3:13.066;9;;4,5 m/s;NW;WORLDCHAMPIONSHIPS;FINAL A
;;;;;;;;;;;;;;;;;;
29.05.2015;COPENHAGEN;12:06;SEN;M;POL;5;Bartosz STABNO;Rafal ROSOLSKI;;;;3:33.660;1;;;;WORLDCUP;HEAT
29.05.2015;COPENHAGEN;12:06;SEN;M;FIN;2;Jeremy HAKALA;Miika DIETRICH;;;;3:34.340;2;;;;WORLDCUP;HEAT
29.05.2015;COPENHAGEN;12:06;SEN;M;BEL;1;Toon BROEKX;Piet BROEKX;;;;3:35.132;3;;;;WORLDCUP;HEAT
29.05.2015;COPENHAGEN;12:06;SEN;M;SWE;6;Albert PETERSSON;Joakim LINDBERG;;;;3:36.740;4;;;;WORLDCUP;HEAT
29.05.2015;COPENHAGEN;12:06;SEN;M;IRL;4;Michael FITZSIMON;Barry WATKINS;;;;3:38.740;5;;;;WORLDCUP;HEAT
29.05.2015;COPENHAGEN;12:06;SEN;M;GBR;3;Mathew BOWLEY;William RUTHERFORD;;;;3:39.036;6;;;;WORLDCUP;HEAT
29.05.2015;COPENHAGEN;12:06;SEN;M;UZB;9;Aleksandr TROPIN;Vyacheslav GORN;;;;3:40.300;7;;;;WORLDCUP;HEAT
29.05.2015;COPENHAGEN;12:06;SEN;M;URU;7;Julián CABRERA;Sebastián ROMERO;;;;3:40.396;8;;;;WORLDCUP;HEAT
29.05.2015;COPENHAGEN;12:06;SEN;M;CHN;8;Yubo ZHOU;Haitao XU;;;;3:44.784;9;;;;WORLDCUP;HEAT
;;;;;;;;;;;;;;;;;;
29.05.2015;COPENHAGEN;12:13;SEN;M;GER;3;Max RENDSCHMIDT;Marcus GROSS;;;;3:24.996;1;;;;WORLDCUP;HEAT
29.05.2015;COPENHAGEN;12:13;SEN;M;AUS;9;Kenny WALLACE;Lachlan TAME;;;;3:28.476;2;;;;WORLDCUP;HEAT
29.05.2015;COPENHAGEN;12:13;SEN;M;RUS;5;Dmitrii EKIMOV;Nikolay CHERVOV;;;;3:32.084;3;;;;WORLDCUP;HEAT
29.05.2015;COPENHAGEN;12:13;SEN;M;IRI;8;Ali AGHAMIRZAEIJENAGHRAD;Saeid FAZLOULA;;;;3:33.388;4;;;;WORLDCUP;HEAT
29.05.2015;COPENHAGEN;12:13;SEN;M;CAN;6;Brian MALFESI;Andrew JESSOP;;;;3:33.828;5;;;;WORLDCUP;HEAT
29.05.2015;COPENHAGEN;12:13;SEN;M;DEN;1;Emil NOE;Niels BOE;;;;3:36.208;6;;;;WORLDCUP;HEAT
29.05.2015;COPENHAGEN;12:13;SEN;M;CHN;7;Zhenyu LI;Dong ZHANG;;;;3:39.672;7;;;;WORLDCUP;HEAT
29.05.2015;COPENHAGEN;12:13;SEN;M;NED;4;Jasper HOOGERS;Albart FLIER;;;;3:40.064;8;;;;WORLDCUP;HEAT
29.05.2015;COPENHAGEN;12:13;SEN;M;FIN;2;Niklas VETTANEN;Miika NYKÄNEN;;;;3:46.508;9;;;;WORLDCUP;HEAT
;;;;;;;;;;;;;;;;;;
29.05.2015;COPENHAGEN;15:04;SEN;M;GBR;7;Mathew BOWLEY;William RUTHERFORD;;;;3:27.936;1;;;;WORLDCUP;SEMIFINAL
29.05.2015;COPENHAGEN;15:04;SEN;M;CAN;6;Brian MALFESI;Andrew JESSOP;;;;3:29.032;2;;;;WORLDCUP;SEMIFINAL
29.05.2015;COPENHAGEN;15:04;SEN;M;IRI;5;Ali AGHAMIRZAEIJENAGHRAD;Saeid FAZLOULA;;;;3:29.880;3;;;;WORLDCUP;SEMIFINAL
29.05.2015;COPENHAGEN;15:04;SEN;M;UZB;1;Aleksandr TROPIN;Vyacheslav GORN;;;;3:30.536;4;;;;WORLDCUP;SEMIFINAL
29.05.2015;COPENHAGEN;15:04;SEN;M;DEN;2;Emil NOE;Niels BOE;;;;3:30.976;5;;;;WORLDCUP;SEMIFINAL
29.05.2015;COPENHAGEN;15:04;SEN;M;SWE;4;Albert PETERSSON;Joakim LINDBERG;;;;3:33.472;6;;;;WORLDCUP;SEMIFINAL
29.05.2015;COPENHAGEN;15:04;SEN;M;CHN;8;Zhenyu LI;Dong ZHANG;;;;3:33.800;7;;;;WORLDCUP;SEMIFINAL
29.05.2015;COPENHAGEN;15:04;SEN;M;IRL;3;Michael FITZSIMON;Barry WATKINS;;;;3:33.904;8;;;;WORLDCUP;SEMIFINAL
29.05.2015;COPENHAGEN;15:04;SEN;M;NED;9;Jasper HOOGERS;Albart FLIER;;;;3:38.292;9;;;;WORLDCUP;SEMIFINAL
;;;;;;;;;;;;;;;;;;
23.05.2015;COPENHAGEN;10:44;SEN;M;GER;5;Max RENDSCHMIDT;Marcus GROSS;;;;3:35.028;1;;;;WORLDCUP;FINAL A
23.05.2015;COPENHAGEN;10:44;SEN;M;AUS;3;Kenny WALLACE;Lachlan TAME;;;;3:37.816;2;;;;WORLDCUP;FINAL A
23.05.2015;COPENHAGEN;10:44;SEN;M;RUS;7;Dmitrii EKIMOV;Nikolay CHERVOV;;;;3:39.676;3;;;;WORLDCUP;FINAL A
23.05.2015;COPENHAGEN;10:44;SEN;M;POL;4;Bartosz STABNO;Rafal ROSOLSKI;;;;3:40.984;4;;;;WORLDCUP;FINAL A
23.05.2015;COPENHAGEN;10:44;SEN;M;CAN;1;Brian MALFESI;Andrew JESSOP;;;;3:42.416;5;;;;WORLDCUP;FINAL A
23.05.2015;COPENHAGEN;10:44;SEN;M;GBR;6;Mathew BOWLEY;William RUTHERFORD;;;;3:44.684;6;;;;WORLDCUP;FINAL A
23.05.2015;COPENHAGEN;10:44;SEN;M;IRI;2;Ali AGHAMIRZAEIJENAGHRAD;Saeid FAZLOULA;;;;3:45.684;7;;;;WORLDCUP;FINAL A
23.05.2015;COPENHAGEN;10:44;SEN;M;BEL;8;Toon BROEKX;Piet BROEKX;;;;3:45.692;8;;;;WORLDCUP;FINAL A
23.05.2015;COPENHAGEN;10:44;SEN;M;FIN;9;Jeremy HAKALA;Miika DIETRICH;;;;3:46.412;9;;;;WORLDCUP;FINAL A
